"","Plate","Day","Day_number_by_exp","Exp_day_after","Number","Day_number","Date.x","Year","Dark_condition","Time","Strain","Video_1","OBS","USE","Time_dry","Num_Adults","Num_other","Microliters_counting","Treatment","Height_base","Height","Angle_length","Length","Width","Pillar_height","Pillar_angle","Pillar_length","Pillar_width","Sociality","Procedence","Conc","Conc_T","Timehms","Time_minutes","Filming_number","count_all","count","Corrected_length","Corrected_height","Pillar_angle_absolute","Angle_length_absolute","Zero_time_minutes","First_base","Time_Span_from_first","Time_Span_from_zero","Time_Span","Tw_height_Span","Tw_length_Span","Corrected_height_Span","Corrected_length_Span","growth_length","growth_height","growth_corrected_length","growth_corrected_height","Length_nobase","Height_nobase","Tw_area","Tw_area_corrected","Num_Adults_1mu","Num_Other_1mu","Prop_A_others","Mean_height","Median_height"
"1","1",11,11,"E",2287,11,"11. Aug",2023,"Y",15:20:00,"N2","MVI_7797",NA,"Y","14:00",59.33333333,NA,2,"2.DAU",0.622,1.057,-0.277,1.072,0.197,2.453,-3.556,2.429,0.123,"2Non_social","2Lab","11 _ 1","2.DAU _ N2",15H 20M 0S,920,1,3,3,0.441333882256073,0.430900937627395,3.556,0.277,870,0.622,0,50,0,0,0,0,0,0,0,0,0,0.45,0.435,0.211184,0.0869427748044463,29.666666665,NA,NA,1.15366666666667,1.15
"2","11",11,2,"E",2278,2,"11. Aug",2023,"Y",14:30:00,"N2","MVI_7782",NA,"Y","14:00",59.33333333,NA,2,"2.DAU",0.756,0.891,-0.662,0.896,0.114,2.271,1.935,2.287,0.108,"2Non_social","2Lab","11 _ 11","2.DAU _ N2",14H 30M 0S,870,1,4,4,0.391779623961522,0.392338177014531,1.935,0.662,870,0.756,0,0,0,0,0,0,0,0,0,0,0,0.14,0.135,0.102144,0.0446628771316135,29.666666665,NA,NA,1.027,0.896
"3","2",11,12,"E",2288,12,"11. Aug",2023,"Y",15:20:00,"N2","MVI_7798",NA,"Y","14:00",59.33333333,NA,2,"2.DAU",0.596,1.134,-1.848,1.125,0.218,3.192,-3.895,3.227,0.137,"2Non_social","2Lab","11 _ 2","2.DAU _ N2",15H 20M 0S,920,1,3,3,0.348621010226216,0.355263157894737,3.895,1.848,870,0.596,0,50,0,0,0,0,0,0,0,0,0,0.529,0.538,0.24525,0.0759993802293152,29.666666665,NA,NA,1.35066666666667,1.24
"4","3",11,14,"E",2290,14,"11. Aug",2023,"Y",15:20:00,"N2","MVI_7800",NA,"Y","14:00",59.33333333,NA,2,"2.DAU",0.752,0.892,-7.809,0.915,0.083,2.741,-10.43,2.8,0.083,"2Non_social","2Lab","11 _ 3","2.DAU _ N2",15H 20M 0S,920,1,3,3,0.326785714285714,0.325428675665815,10.43,7.809,870,0.752,0,50,0,0,0,0,0,0,0,0,0,0.163,0.14,0.075945,0.0271232142857143,29.666666665,NA,NA,0.968666666666667,0.961
"5","4",11,13,"E",2289,13,"11. Aug",2023,"Y",15:20:00,"N2","MVI_7799",NA,"Y","14:00",59.33333333,NA,2,"2.DAU",0.653,1.482,-4,1.485,0.499,NA,NA,NA,NA,"2Non_social","2Lab","11 _ 4","2.DAU _ N2",15H 20M 0S,920,1,3,3,NA,NA,NA,4,870,0.653,0,50,0,0,0,NA,NA,0,0,0,0,0.832,0.829,0.741015,NA,29.666666665,NA,NA,1.576,1.529
"6","5",11,15,"E",2291,15,"11. Aug",2023,"Y",15:20:00,"N2","MVI_7801",NA,"Y","14:00",59.33333333,NA,2,"2.DAU",0.513,1.217,-3.637,1.225,0.348,2.234,-2.827,2.222,0.097,"2Non_social","2Lab","11 _ 5","2.DAU _ N2",15H 20M 0S,920,1,3,3,0.551305130513051,0.544762757385855,2.827,3.637,870,0.513,0,50,0,0,0,0,0,0,0,0,0,0.712,0.704,0.4263,0.191854185418542,29.666666665,NA,NA,1.367,1.225
"7","6",11,16,"E",2292,16,"11. Aug",2023,"Y",15:20:00,"N2","MVI_7802",NA,"Y","14:00",59.33333333,NA,2,"2.DAU",0.435,1.052,-4.185,1.065,0.363,2.873,-6.407,2.907,0.125,"2Non_social","2Lab","11 _ 6","2.DAU _ N2",15H 20M 0S,920,1,3,3,0.366357069143447,0.366167768882701,6.407,4.185,870,0.435,0,50,0,0,0,0,0,0,0,0,0,0.63,0.617,0.386595,0.132987616099071,29.666666665,NA,NA,1.07633333333333,1.065
"8","7",11,17,"E",2293,17,"11. Aug",2023,"Y",15:20:00,"N2","MVI_7803",NA,"Y","14:00",59.33333333,NA,2,"2.DAU",0.446,1.248,-3.013,1.281,0.544,2.41,-3.302,2.414,0.139,"2Non_social","2Lab","11 _ 7","2.DAU _ N2",15H 20M 0S,920,1,3,3,0.530654515327258,0.517842323651452,3.302,3.013,870,0.446,0,50,0,0,0,0,0,0,0,0,0,0.835,0.802,0.696864,0.288676056338028,29.666666665,NA,NA,1.487,1.554
"9","8",11,1,"E",2277,1,"11. Aug",2023,"Y",14:30:00,"N2","MVI_7780",NA,"Y","14:00",59.33333333,NA,2,"2.DAU",0.523,1.109,0,1.098,0.166,2.348,-12.609,2.406,0.14,"2Non_social","2Lab","11 _ 8","2.DAU _ N2",14H 30M 0S,870,1,3,3,0.456359102244389,0.472316865417376,12.609,0,870,0.523,0,0,0,0,0,0,0,0,0,0,0,0.575,0.586,0.182268,0.0757556109725686,29.666666665,NA,NA,1.12966666666667,1.098
"10","9",11,19,"E",2295,19,"11. Aug",2023,"Y",15:20:00,"N2","MVI_7805",NA,"Y","14:00",59.33333333,NA,2,"2.DAU",0.487,0.958,-6.511,0.959,0.167,2.456,-5.356,2.482,0.093,"2Non_social","2Lab","11 _ 9","2.DAU _ N2",15H 20M 0S,920,1,3,3,0.38638195004029,0.390065146579805,5.356,6.511,870,0.487,0,50,0,0,0,0,0,0,0,0,0,0.472,0.471,0.160153,0.0645257856567284,29.666666665,NA,NA,1.04466666666667,0.99
"11","28",12,1,"E",2366,1,"14. Aug",2023,"Y",18:20:00,"CB","MVI_7901",NA,"Y","18:20",41,NA,2,"2.DAU",0.19,0.899,-3.351,0.9,0.15,2.202,-5.254,2.211,0.152,"1Social","1Wild","12 _ 28","2.DAU _ CB",18H 20M 0S,1100,1,4,4,0.407055630936228,0.408265213442325,5.254,3.351,1100,0.19,0,0,0,0,0,0,0,0,0,0,0,0.71,0.709,0.135,0.0610583446404342,20.5,NA,NA,1.04733333333333,1.091
"12","29",12,16,"E",2381,16,"14. Aug",2023,"Y",19:25:00,"CB","MVI_7944",NA,"Y","18:20",41,NA,2,"2.DAU",0.15,1.393,7.616,1.405,0.207,2.67,0.815,2.67,0.102,"1Social","1Wild","12 _ 29","2.DAU _ CB",19H 25M 0S,1165,1,3,3,0.52621722846442,0.521722846441948,0.815,7.616,1100,0.15,0,65,0,0,0,0,0,0,0,0,0,1.255,1.243,0.290835,0.108926966292135,20.5,NA,NA,1.22666666666667,1.147
"13","30",12,2,"E",2367,2,"14. Aug",2023,"Y",18:20:00,"CB","MVI_7903",NA,"Y","18:20",41,NA,2,"2.DAU",0.344,0.935,-3.013,0.924,0.065,2.746,-6.254,2.788,0.178,"1Social","1Wild","12 _ 30","2.DAU _ CB",18H 20M 0S,1100,1,4,4,0.33142037302726,0.340495265841224,6.254,3.013,1100,0.344,0,0,0,0,0,0,0,0,0,0,0,0.58,0.591,0.06006,0.0215423242467719,20.5,NA,NA,1.596,1.923
"14","31",12,3,"E",2368,3,"14. Aug",2023,"Y",18:20:00,"CB","MVI_7904",NA,"Y","18:20",41,NA,2,"2.DAU",0.429,1.13,4.289,1.137,0.231,2.67,2.442,2.672,0.129,"1Social","1Wild","12 _ 31","2.DAU _ CB",18H 20M 0S,1100,1,4,4,0.425523952095808,0.423220973782772,2.442,4.289,1100,0.429,0,0,0,0,0,0,0,0,0,0,0,0.708,0.701,0.262647,0.0982960329341317,20.5,NA,NA,1.383,1.137
"15","32",12,4,"E",2369,4,"14. Aug",2023,"Y",18:20:00,"CB","MVI_7905",NA,"Y","18:20",41,NA,2,"2.DAU",0.089,0.51,-8.005,0.523,0.15,2.468,-8.13,2.505,0.139,"1Social","1Wild","12 _ 32","2.DAU _ CB",18H 20M 0S,1100,1,4,4,0.208782435129741,0.206645056726094,8.13,8.005,1100,0.089,0,0,0,0,0,0,0,0,0,0,0,0.434,0.421,0.07845,0.0313173652694611,20.5,NA,NA,1.71366666666667,2.282
"16","33",12,5,"E",2370,5,"14. Aug",2023,"Y",18:20:00,"CB","MVI_7906",NA,"Y","18:20",41,NA,2,"2.DAU",0.316,0.899,0.528,0.879,0.186,3.252,-1.337,3.253,0.165,"1Social","1Wild","12 _ 33","2.DAU _ CB",18H 20M 0S,1100,1,4,4,0.270212111896711,0.276445264452645,1.337,0.528,1100,0.316,0,0,0,0,0,0,0,0,0,0,0,0.563,0.583,0.163494,0.0502594528127882,20.5,NA,NA,1.41333333333333,1.527
"17","35",12,6,"E",2371,6,"14. Aug",2023,"Y",18:20:00,"CB","MVI_7908",NA,"Y","18:20",41,NA,2,"2.DAU",0.283,0.778,-1.206,0.769,0.146,2.025,-2.148,2.026,0.14,"1Social","1Wild","12 _ 35","2.DAU _ CB",18H 20M 0S,1100,1,3,3,0.379565646594274,0.384197530864198,2.148,1.206,1100,0.283,0,0,0,0,0,0,0,0,0,0,0,0.486,0.495,0.112274,0.0554165844027641,20.5,NA,NA,1.08166666666667,0.836
"18","36",12,21,"E",2386,21,"14. Aug",2023,"Y",19:25:00,"CB","MVI_7949",NA,"Y","18:20",41,NA,2,"2.DAU",0.328,1.344,2.759,1.346,0.244,2.809,2.837,2.813,0.129,"1Social","1Wild","12 _ 36","2.DAU _ CB",19H 25M 0S,1165,1,3,3,0.478492712406683,0.478462086151655,2.837,2.759,1100,0.328,0,65,0,0,0,0,0,0,0,0,0,1.018,1.016,0.328424,0.116752221827231,20.5,NA,NA,1.35333333333333,1.346
"19","37",12,22,"E",2387,22,"14. Aug",2023,"Y",19:25:00,"CB","MVI_7950",NA,"Y","18:20",41,NA,2,"2.DAU",0.32,0.907,2.332,0.895,0.162,2.632,0.551,2.632,0.102,"1Social","1Wild","12 _ 37","2.DAU _ CB",19H 25M 0S,1165,1,3,3,0.340045592705167,0.344604863221884,0.551,2.332,1100,0.32,0,65,0,0,0,0,0,0,0,0,0,0.575,0.587,0.14499,0.0550873860182371,20.5,NA,NA,0.968666666666667,0.924
"20","38",12,23,"E",2388,23,"14. Aug",2023,"Y",19:25:00,"CB","MVI_7951",NA,"Y","18:20",41,NA,2,"2.DAU",0.292,1.405,1.166,1.393,0.312,1.987,-1.824,1.988,0.127,"1Social","1Wild","12 _ 38","2.DAU _ CB",19H 25M 0S,1165,1,3,3,0.700704225352113,0.707096124811273,1.824,1.166,1100,0.292,0,65,0,0,0,0,0,0,0,0,0,1.101,1.113,0.434616,0.218619718309859,20.5,NA,NA,1.52533333333333,1.494
"21","39",12,24,"E",2389,24,"14. Aug",2023,"Y",19:25:00,"CB","MVI_7952",NA,"Y","18:20",41,NA,2,"2.DAU",0.36,1.608,-7.161,1.591,0.317,2.316,-11.07,2.373,0.14,"1Social","1Wild","12 _ 39","2.DAU _ CB",19H 25M 0S,1165,1,3,3,0.670459334176148,0.694300518134715,11.07,7.161,1100,0.36,0,65,0,0,0,0,0,0,0,0,0,1.231,1.248,0.504347,0.212535608933839,20.5,NA,NA,1.81933333333333,1.773
"22","40",12,25,"E",2390,25,"14. Aug",2023,"Y",19:25:00,"CB","MVI_7953",NA,"Y","18:20",41,NA,2,"2.DAU",0.397,1.652,-1.701,1.636,0.357,2.885,-1.005,2.886,0.152,"1Social","1Wild","12 _ 40","2.DAU _ CB",19H 25M 0S,1165,1,3,3,0.566874566874567,0.57261698440208,1.005,1.701,1100,0.397,0,65,0,0,0,0,0,0,0,0,0,1.239,1.255,0.584052,0.20237422037422,20.5,NA,NA,1.60933333333333,1.601
"23","41",12,7,"E",2372,7,"14. Aug",2023,"Y",18:20:00,"CB","MVI_7914",NA,"Y","18:20",41,NA,2,"2.DAU",0.324,0.745,-3.061,0.758,0.178,3.113,-3.937,3.133,0.165,"1Social","1Wild","12 _ 41","2.DAU _ CB",18H 20M 0S,1100,1,4,4,0.241940631982126,0.239318984902024,3.937,3.061,1100,0.324,0,0,0,0,0,0,0,0,0,0,0,0.434,0.421,0.134924,0.0430654324928184,20.5,NA,NA,0.964333333333333,1.048
"24","42",12,8,"E",2373,8,"14. Aug",2023,"Y",18:20:00,"CB","MVI_7915",NA,"Y","18:20",41,NA,2,"2.DAU",0.275,0.749,4.97,0.748,0.175,2.328,5.928,2.328,0.14,"1Social","1Wild","12 _ 42","2.DAU _ CB",18H 20M 0S,1100,1,4,4,0.321305841924399,0.321735395189003,5.928,4.97,1100,0.275,0,0,0,0,0,0,0,0,0,0,0,0.473,0.474,0.1309,0.0562285223367698,20.5,NA,NA,0.794666666666667,0.774
"25","43",12,9,"E",2374,9,"14. Aug",2023,"Y",18:20:00,"CB","MVI_7916",NA,"Y","18:20",41,NA,2,"2.DAU",0.304,0.802,3.719,0.811,0.195,3.202,4.054,3.222,0.117,"1Social","1Wild","12 _ 43","2.DAU _ CB",18H 20M 0S,1100,1,4,4,0.251707014276847,0.250468457214241,4.054,3.719,1100,0.304,0,0,0,0,0,0,0,0,0,0,0,0.507,0.498,0.158145,0.0490828677839851,20.5,NA,NA,0.873333333333333,0.825
"26","44",12,29,"E",2394,29,"14. Aug",2023,"Y",19:25:00,"CB","MVI_7957",NA,"Y","18:20",41,NA,2,"2.DAU",0.368,0.891,5.634,0.907,0.209,2.442,1.79,2.431,0.115,"1Social","1Wild","12 _ 44","2.DAU _ CB",19H 25M 0S,1165,1,3,3,0.37309749074455,0.364864864864865,1.79,5.634,1100,0.368,0,65,0,0,0,0,0,0,0,0,0,0.539,0.523,0.189563,0.0779773755656109,20.5,NA,NA,0.84,0.903
"27","35",13,28,"E",2555,28,"01. Sep",2023,"Y",14:55:00,"N2","MVI_8108",NA,"Y","13:50",8,NA,2,"2.DAU",0.349,2.08,2.367,2.08,0.252,1.627,-1.753,1.662,0.086,"2Non_social","2Lab","13 _ 35","2.DAU _ N2",14H 55M 0S,895,1,4,4,1.25150421179302,1.27842655193608,1.753,2.367,830,0.349,0,65,0,0,0,0,0,0,0,0,0,1.731,1.731,0.52416,0.315379061371841,4,NA,NA,1.95833333333333,2.011
"28","37",13,8,"E",2535,8,"01. Sep",2023,"Y",13:50:00,"N2","MVI_8088",NA,"Y","13:50",8,NA,2,"2.DAU",0.217,0.726,-4.142,0.726,0.12,1.949,-6.34,1.995,0.119,"2Non_social","2Lab","13 _ 37","2.DAU _ N2",13H 50M 0S,830,1,5,5,0.36390977443609,0.372498717290918,6.34,4.142,830,0.217,0,0,0,0,0,0,0,0,0,0,0,0.509,0.509,0.08712,0.0436691729323308,4,NA,NA,1.475,1.778
"29","40",13,30,"E",2557,30,"01. Sep",2023,"Y",14:55:00,"N2","MVI_8110",NA,"Y","13:50",8,NA,2,"2.DAU",0.263,1.017,-2.622,0.997,0.217,2.356,-8.931,2.402,0.12,"2Non_social","2Lab","13 _ 40","2.DAU _ N2",14H 55M 0S,895,1,3,3,0.415070774354704,0.431663837011885,8.931,2.622,830,0.263,0,65,0,0,0,0,0,0,0,0,0,0.734,0.754,0.216349,0.0900703580349709,4,NA,NA,0.981333333333333,0.997
"30","41",13,31,"E",2558,31,"01. Sep",2023,"Y",14:55:00,"N2","MVI_8111",NA,"Y","13:50",8,NA,2,"2.DAU",0.24,1.469,-3.799,1.486,0.218,2.068,-4.219,2.073,0.137,"2Non_social","2Lab","13 _ 41","2.DAU _ N2",14H 55M 0S,895,1,4,4,0.716835504100338,0.710348162475822,4.219,3.799,830,0.24,0,65,0,0,0,0,0,0,0,0,0,1.246,1.229,0.323948,0.156270139893874,4,NA,NA,1.582,1.629
"31","24",14,5,"E",2646,5,"15. Sep",2023,"Y",16:25:00,"CB","MVI_8208",NA,"Y","16:15",17.66666667,NA,2,"2.DAU",0.289,0.786,-4.986,0.8,0.173,2.864,-3.724,2.87,0.103,"1Social","1Wild","14 _ 24","2.DAU _ CB",16H 25M 0S,985,1,4,4,0.278745644599303,0.274441340782123,3.724,4.986,985,0.289,0,0,0,0,0,0,0,0,0,0,0,0.511,0.497,0.1384,0.0482229965156794,8.833333335,NA,NA,1.44433333333333,1.626
"32","25",14,6,"E",2647,6,"15. Sep",2023,"Y",16:25:00,"CB","MVI_8209",NA,"Y","16:15",17.66666667,NA,2,"2.DAU",0.332,0.995,1.548,0.99,0.214,2.762,-0.703,2.763,0.103,"1Social","1Wild","14 _ 25","2.DAU _ CB",16H 25M 0S,985,1,4,4,0.358306188925081,0.360246198406951,0.703,1.548,985,0.332,0,0,0,0,0,0,0,0,0,0,0,0.658,0.663,0.21186,0.0766775244299674,8.833333335,NA,NA,1.44466666666667,1.519
"33","26",14,31,"E",2672,31,"15. Sep",2023,"Y",17:15:00,"CB","MVI_8235",NA,"Y","16:15",17.66666667,NA,2,"2.DAU",0.332,1.562,4.961,1.546,0.402,2.661,2.569,2.646,0.102,"1Social","1Wild","14 _ 26","2.DAU _ CB",17H 15M 0S,1035,1,3,3,0.584278155706727,0.586997369409996,2.569,4.961,985,0.332,0,50,0,0,0,0,0,0,0,0,0,1.214,1.23,0.621492,0.234879818594104,8.833333335,NA,NA,1.68333333333333,1.717
"34","27",14,7,"E",2648,7,"15. Sep",2023,"Y",16:25:00,"CB","MVI_8211",NA,"Y","16:15",17.66666667,NA,2,"2.DAU",0.401,0.711,2.968,0.723,0.123,2.559,3.033,2.563,0.103,"1Social","1Wild","14 _ 27","2.DAU _ CB",16H 25M 0S,985,1,4,4,0.282091299258681,0.277842907385698,3.033,2.968,985,0.401,0,0,0,0,0,0,0,0,0,0,0,0.322,0.31,0.088929,0.0346972298088178,8.833333335,NA,NA,1.436,1.766
"35","29",14,8,"E",2649,8,"15. Sep",2023,"Y",16:25:00,"CB","MVI_8212",NA,"Y","16:15",17.66666667,NA,2,"2.DAU",0.251,0.722,2.946,0.728,0.124,3.288,2.67,3.274,0.153,"1Social","1Wild","14 _ 29","2.DAU _ CB",16H 25M 0S,985,1,4,4,0.222357971899817,0.219586374695864,2.67,2.946,985,0.251,0,0,0,0,0,0,0,0,0,0,0,0.477,0.471,0.090272,0.0275723885155773,8.833333335,NA,NA,1.03066666666667,0.908
"36","30",14,9,"E",2650,9,"15. Sep",2023,"Y",16:25:00,"CB","MVI_8213",NA,"Y","16:15",17.66666667,NA,2,"2.DAU",0.358,0.936,-2.632,0.931,0.171,4.22,-4.118,4.248,0.136,"1Social","1Wild","14 _ 30","2.DAU _ CB",16H 25M 0S,985,1,4,4,0.219161958568738,0.221800947867299,4.118,2.632,985,0.358,0,0,0,0,0,0,0,0,0,0,0,0.573,0.578,0.159201,0.0374766949152542,8.833333335,NA,NA,1.29333333333333,1.254
"37","31",14,35,"E",2676,35,"15. Sep",2023,"Y",17:15:00,"CB","MVI_8239",NA,"Y","16:15",17.66666667,NA,2,"2.DAU",0.364,1.15,-2.929,1.151,0.219,3.779,-1.028,3.78,0.137,"1Social","1Wild","14 _ 31","2.DAU _ CB",17H 15M 0S,1035,1,3,3,0.304497354497355,0.304313310399577,1.028,2.929,985,0.364,0,50,0,0,0,0,0,0,0,0,0,0.787,0.786,0.252069,0.0666849206349206,8.833333335,NA,NA,1.57933333333333,1.589
"38","32",14,36,"E",2677,36,"15. Sep",2023,"Y",17:15:00,"N2","MVI_8240",NA,"Y","16:15",51.66666667,NA,2,"2.DAU",0.449,0.893,-1.372,0.893,0.118,2.271,0,2.237,0.086,"2Non_social","2Lab","14 _ 32","2.DAU _ N2",17H 15M 0S,1035,1,3,3,0.399195350916406,0.393218846323206,0,1.372,985,0.449,0,50,0,0,0,0,0,0,0,0,0,0.444,0.444,0.105374,0.0471050514081359,25.833333335,NA,NA,1.007,1.016
"39","33",14,37,"E",2678,37,"15. Sep",2023,"Y",17:15:00,"N2","MVI_8241",NA,"Y","16:15",51.66666667,NA,2,"2.DAU",0.358,0.866,-6.649,0.878,0.104,3.017,-6.729,3.037,0.119,"2Non_social","2Lab","14 _ 33","2.DAU _ N2",17H 15M 0S,1035,1,3,3,0.289101086598617,0.287040106065628,6.729,6.649,985,0.358,0,50,0,0,0,0,0,0,0,0,0,0.52,0.508,0.091312,0.0300665130062562,25.833333335,NA,NA,0.851,0.876
"40","35",14,10,"E",2651,10,"15. Sep",2023,"Y",16:25:00,"N2","MVI_8214",NA,"Y","16:15",51.66666667,NA,2,"2.DAU",0.401,0.973,1.888,0.974,0.161,3.305,0.585,3.322,0.137,"2Non_social","2Lab","14 _ 35","2.DAU _ N2",16H 25M 0S,985,1,4,4,0.29319686935581,0.294402420574887,0.585,1.888,985,0.401,0,0,0,0,0,0,0,0,0,0,0,0.573,0.572,0.156814,0.0472046959662854,25.833333335,NA,NA,1.07566666666667,1.028
"41","40",14,41,"E",2682,41,"15. Sep",2023,"Y",17:15:00,"N2","MVI_8245",NA,"Y","16:15",51.66666667,NA,2,"2.DAU",0.396,0.877,-1.725,0.888,0.134,2.966,-1.295,3,0.102,"2Non_social","2Lab","14 _ 40","2.DAU _ N2",17H 15M 0S,1035,1,3,3,0.296,0.295684423465947,1.295,1.725,985,0.396,0,50,0,0,0,0,0,0,0,0,0,0.492,0.481,0.118992,0.039664,25.833333335,NA,NA,1.00933333333333,0.953
"42","10",2,44,"E",85,44,"05. May",2023,"N",14:48:00,"N2","MVI_5464",NA,"Y","11:45",24.33333333,80.33333333,5,"3.MIX",0.516,2.726,2.386,2.712,0.428,6.557,0.897,6.546,0.197,"2Non_social","2Lab","2 _ 10","3.MIX _ N2",14H 48M 0S,888,1,6,6,0.414298808432631,0.415738904987037,0.897,2.386,726,0.516,0,162,0,0,0,0,0,0,0,0,0,2.196,2.21,1.160736,0.177319890009166,4.866666666,16.066666666,0.232484076416082,3.506,3.673
"43","14",2,2,"E",43,2,"05. May",2023,"N",12:06:00,"CB","MVI_5422",NA,"Y","11:45",9.333333333,85,5,"3.MIX",0.452,2.178,2.421,2.195,0.436,5.045,1.537,5.043,0.172,"1Social","1Wild","2 _ 14","3.MIX _ CB",12H 6M 0S,726,1,8,8,0.435256791592306,0.431714568880079,1.537,2.421,726,0.452,0,0,0,0,0,0,0,0,0,0,0,1.743,1.726,0.95702,0.189771961134245,1.8666666666,17,0.098939929325438,3.63766666666667,3.46
"44","15",2,29,"E",70,29,"05. May",2023,"N",13:55:00,"CB","MVI_5449",NA,"Y","11:45",9.333333333,85,5,"3.MIX",0.371,1.859,3.876,1.73,0.496,5.795,6.648,5.805,0.197,"1Social","1Wild","2 _ 15","3.MIX _ CB",13H 55M 0S,835,1,7,7,0.29801894918174,0.320793787748059,6.648,3.876,726,0.371,0,109,0,0,0,0,0,0,0,0,0,1.359,1.488,0.85808,0.147817398794143,1.8666666666,17,0.098939929325438,3.671,4.612
"45","16",2,28,"E",69,28,"05. May",2023,"N",13:55:00,"N2","MVI_5448",NA,"Y","11:45",24.33333333,80.33333333,5,"3.MIX",0.529,3.113,-6.529,2.979,0.525,3.615,-2.087,3.601,0.202,"2Non_social","2Lab","2 _ 16","3.MIX _ N2",13H 55M 0S,835,1,7,7,0.827270202721466,0.861134163208852,2.087,6.529,726,0.529,0,109,0,0,0,0,0,0,0,0,0,2.45,2.584,1.563975,0.43431685642877,4.866666666,16.066666666,0.232484076416082,3.26666666666667,3.202
"46","18",2,26,"E",67,26,"05. May",2023,"N",13:55:00,"N2","MVI_5446",NA,"Y","11:45",24.33333333,80.33333333,5,"3.MIX",0.585,3.81,-1.231,3.755,0.806,4.561,-3.742,4.522,0.189,"2Non_social","2Lab","2 _ 18","3.MIX _ N2",13H 55M 0S,835,1,7,7,0.830384785493145,0.835343126507345,3.742,1.231,726,0.585,0,109,0,0,0,0,0,0,0,0,0,3.17,3.225,3.02653,0.669290137107475,4.866666666,16.066666666,0.232484076416082,3.63233333333333,3.627
"47","2",2,14,"E",55,14,"05. May",2023,"N",13:55:00,"N2","MVI_5434",NA,"Y","11:45",24.33333333,80.33333333,5,"3.MIX",0.807,2.718,10.773,2.783,0.419,3.213,6.924,3.195,0.144,"2Non_social","2Lab","2 _ 2","3.MIX _ N2",13H 55M 0S,835,1,7,7,0.871048513302034,0.84593837535014,6.924,10.773,726,0.807,0,109,0,0,0,0,0,0,0,0,0,1.976,1.911,1.166077,0.364969327073552,4.866666666,16.066666666,0.232484076416082,2.83833333333333,2.783
"48","21",2,53,"E",94,53,"05. May",2023,"N",14:48:00,"N2","MVI_5473",NA,"Y","11:45",24.33333333,80.33333333,5,"3.MIX",0.444,2.363,1.639,2.396,0.388,6.431,1.309,6.457,0.201,"2Non_social","2Lab","2 _ 21","3.MIX _ N2",14H 48M 0S,888,1,6,6,0.37107015641939,0.367438967501166,1.309,1.639,726,0.444,0,162,0,0,0,0,0,0,0,0,0,1.952,1.919,0.929648,0.143975220690723,4.866666666,16.066666666,0.232484076416082,3.07,3.048
"49","23",2,11,"E",52,11,"05. May",2023,"N",12:47:00,"CB","MVI_5431",NA,"Y","11:45",9.333333333,85,5,"3.MIX",0.351,2.012,9.241,2.059,0.446,5.832,5.106,5.756,0.177,"1Social","1Wild","2 _ 23","3.MIX _ CB",12H 47M 0S,767,1,8,8,0.357713690062543,0.344993141289438,5.106,9.241,726,0.351,0,41,0,0,0,0,0,0,0,0,0,1.708,1.661,0.918314,0.159540305767894,1.8666666666,17,0.098939929325438,3.77566666666667,4.435
"50","26",2,22,"E",63,22,"05. May",2023,"N",13:55:00,"CB","MVI_5442",NA,"Y","11:45",9.333333333,85,5,"3.MIX",0.383,4.098,-2.916,4.122,0.306,4.533,-2.852,4.53,0.189,"1Social","1Wild","2 _ 26","3.MIX _ CB",13H 55M 0S,835,1,7,7,0.909933774834437,0.904037061548643,2.852,2.916,726,0.383,0,109,0,0,0,0,0,0,0,0,0,3.739,3.715,1.261332,0.278439735099338,1.8666666666,17,0.098939929325438,4.24366666666667,4.122
"51","27",2,21,"E",62,21,"05. May",2023,"N",13:55:00,"N2","MVI_5441",NA,"Y","11:45",24.33333333,80.33333333,5,"3.MIX",0.472,2.351,-2.629,2.373,0.472,5.013,-4.941,4.949,0.215,"2Non_social","2Lab","2 _ 27","3.MIX _ N2",13H 55M 0S,835,1,7,7,0.47949080622348,0.468980650309196,4.941,2.629,726,0.472,0,109,0,0,0,0,0,0,0,0,0,1.901,1.879,1.120056,0.226319660537482,4.866666666,16.066666666,0.232484076416082,3.13966666666667,3.399
"52","29",2,9,"E",50,9,"05. May",2023,"N",12:47:00,"CB","MVI_5429",NA,"Y","11:45",9.333333333,85,5,"3.MIX",0.298,3.146,1.184,3.122,0.505,6.07,1.126,6.05,0.209,"1Social","1Wild","2 _ 29","3.MIX _ CB",12H 47M 0S,767,1,8,8,0.51603305785124,0.51828665568369,1.126,1.184,726,0.298,0,41,0,0,0,0,0,0,0,0,0,2.824,2.848,1.57661,0.260596694214876,1.8666666666,17,0.098939929325438,3.90133333333333,4.255
"53","3",2,107,"E",148,107,"05. May",2023,"N",16:46:00,"N2","MVI_5528",NA,"Y","11:45",24.33333333,80.33333333,5,"3.MIX",0.589,3.746,-0.495,3.734,0.9,4.28,-4.349,4.324,0.246,"2Non_social","2Lab","2 _ 3","3.MIX _ N2",16H 46M 0S,1006,2,5,4,0.863552266419982,0.875233644859813,4.349,0.495,726,0.589,0,280,0,0,0,0,0,0,0,0,0,3.145,3.157,3.3606,0.777197039777983,4.866666666,16.066666666,0.232484076416082,3.9865,3.9865
"54","30",2,1,"E",42,1,"05. May",2023,"N",12:06:00,"CB","MVI_5421",NA,"Y","11:45",9.333333333,85,5,"3.MIX",0.27,4.194,1.644,4.215,0.223,4.984,3.649,5.022,0.193,"1Social","1Wild","2 _ 30","3.MIX _ CB",12H 6M 0S,726,1,9,9,0.839307048984468,0.841492776886035,3.649,1.644,726,0.27,0,0,0,0,0,0,0,0,0,0,0,3.945,3.924,0.939945,0.187165471923536,1.8666666666,17,0.098939929325438,4.266,4.215
"55","31",2,7,"E",48,7,"05. May",2023,"N",12:47:00,"CB","MVI_5427",NA,"Y","11:45",9.333333333,85,5,"3.MIX",0.492,2.21,-5.998,2.238,0.328,3.279,-4.752,3.265,0.193,"1Social","1Wild","2 _ 31","3.MIX _ CB",12H 47M 0S,767,1,8,8,0.685451761102603,0.673985971332723,4.752,5.998,726,0.492,0,41,0,0,0,0,0,0,0,0,0,1.746,1.718,0.734064,0.224828177641654,1.8666666666,17,0.098939929325438,3.13033333333333,3.566
"56","32",2,33,"E",74,33,"05. May",2023,"N",13:55:00,"CB","MVI_5453",NA,"Y","11:45",9.333333333,85,5,"3.MIX",0.157,1.178,-6.835,1.186,0.198,4.066,-5.825,4.078,0.177,"1Social","1Wild","2 _ 32","3.MIX _ CB",13H 55M 0S,835,1,6,6,0.290828837665522,0.289719626168224,5.825,6.835,726,0.157,0,109,0,0,0,0,0,0,0,0,0,1.029,1.021,0.234828,0.0575841098577734,1.8666666666,17,0.098939929325438,2.70933333333333,3.436
"57","35",2,37,"E",78,37,"05. May",2023,"N",14:48:00,"CB","MVI_5457",NA,"Y","11:45",9.333333333,85,5,"3.MIX",0.536,5.428,-0.555,5.416,0.782,5.115,4.645,5.111,0.197,"1Social","1Wild","2 _ 35","3.MIX _ CB",14H 48M 0S,888,1,6,6,1.05967521033066,1.06119257086999,4.645,0.555,726,0.536,0,162,0,0,0,0,0,0,0,0,0,4.88,4.892,4.235312,0.828666014478576,1.8666666666,17,0.098939929325438,5.27166666666667,5.416
"58","36",2,35,"E",76,35,"05. May",2023,"N",13:55:00,"N2","MVI_5455",NA,"Y","11:45",24.33333333,80.33333333,5,"3.MIX",0.524,3.21,-2.963,3.198,0.605,4.336,-0.488,4.332,0.14,"2Non_social","2Lab","2 _ 36","3.MIX _ N2",13H 55M 0S,835,1,7,7,0.738227146814404,0.740313653136531,0.488,2.963,726,0.524,0,109,0,0,0,0,0,0,0,0,0,2.674,2.686,1.93479,0.446627423822715,4.866666666,16.066666666,0.232484076416082,3.60866666666667,3.8
"59","8",2,42,"E",83,42,"05. May",2023,"N",14:48:00,"N2","MVI_5462",NA,"Y","11:45",24.33333333,80.33333333,5,"3.MIX",0.431,1.339,-2.444,1.324,0.315,3.225,-1.817,3.231,0.201,"2Non_social","2Lab","2 _ 8","3.MIX _ N2",14H 48M 0S,888,1,6,6,0.409780253791396,0.415193798449612,1.817,2.444,726,0.431,0,162,0,0,0,0,0,0,0,0,0,0.893,0.908,0.41706,0.12908077994429,4.866666666,16.066666666,0.232484076416082,2.18466666666667,2.528
"60","1",3,1,"E",260,1,"08. May",2023,"Y",12:16:00,"CB","MVI_5651",NA,"Y","12:06",NA,NA,5,"1.D1A",0.378,2.968,-6.229,2.975,0.666,5.118,-8.838,5.095,0.193,"1Social","1Wild","3 _ 1","1.D1A _ CB",12H 16M 0S,736,1,4,4,0.583905789990186,0.579914028917546,8.838,6.229,736,0.378,0,0,0,0,0,0,0,0,0,0,0,2.597,2.59,1.98135,0.388881256133464,NA,NA,NA,3.479,3.438
"61","11",3,10,"E",269,10,"08. May",2023,"Y",12:16:00,"CB","MVI_5660",NA,"Y","12:06",11.13,NA,5,"1.D1A",0.226,2.114,12.569,2.137,0.731,2.573,-8.259,2.592,0.107,"1Social","1Wild","3 _ 11","1.D1A _ CB",12H 16M 0S,736,1,4,4,0.82445987654321,0.821609016712009,8.259,12.569,736,0.226,0,0,0,0,0,0,0,0,0,0,0,1.911,1.888,1.562147,0.602680169753086,2.226,NA,NA,2.39833333333333,2.465
"62","13",3,12,"E",271,12,"08. May",2023,"Y",12:16:00,"N2","MVI_5662",NA,"Y","12:06",11,NA,5,"1.D1A",0.385,2.194,8.35,2.175,0.609,2.852,8.023,2.866,0.111,"2Non_social","2Lab","3 _ 13","1.D1A _ N2",12H 16M 0S,736,1,4,4,0.758897418004187,0.769284712482468,8.023,8.35,736,0.385,0,0,0,0,0,0,0,0,0,0,0,1.79,1.809,1.324575,0.46216852756455,2.2,NA,NA,2.34166666666667,2.189
"63","14",3,13,"E",272,13,"08. May",2023,"Y",12:16:00,"CB","MVI_5663",NA,"Y","12:06",11.13,NA,5,"1.D1A",0.278,2.476,3.814,2.296,0.688,3.572,-4.162,3.516,0.131,"1Social","1Wild","3 _ 14","1.D1A _ CB",12H 16M 0S,736,1,4,4,0.653014789533561,0.693169092945129,4.162,3.814,736,0.278,0,0,0,0,0,0,0,0,0,0,0,2.018,2.198,1.579648,0.44927417519909,2.226,NA,NA,2.577,2.712
"64","15",3,14,"E",273,14,"08. May",2023,"Y",12:16:00,"N2","MVI_5664",NA,"Y","12:06",11,NA,5,"1.D1A",0.396,2.315,-10.446,2.393,0.629,4.324,-8.508,4.358,0.179,"2Non_social","2Lab","3 _ 15","1.D1A _ N2",12H 16M 0S,736,1,4,4,0.549105094079853,0.535383903792784,8.508,10.446,736,0.396,0,0,0,0,0,0,0,0,0,0,0,1.997,1.919,1.505197,0.345387104176228,2.2,NA,NA,3.031,2.861
"65","17",3,16,"E",275,16,"08. May",2023,"Y",12:16:00,"CB","MVI_5666",NA,"Y","12:06",11.13,NA,5,"1.D1A",0.503,3.003,5.418,2.978,0.864,3.221,-4.999,3.205,0.139,"1Social","1Wild","3 _ 17","1.D1A _ CB",12H 16M 0S,736,1,4,4,0.929173166926677,0.932319155541757,4.999,5.418,736,0.503,0,0,0,0,0,0,0,0,0,0,0,2.475,2.5,2.572992,0.802805616224649,2.226,NA,NA,3.23133333333333,3.23
"66","20",3,18,"E",277,18,"08. May",2023,"Y",12:16:00,"CB","MVI_5668",NA,"Y","12:06",11.13,NA,5,"1.D1A",0.111,4.711,-5.839,4.777,0.241,5.018,-4.868,5.039,0.193,"1Social","1Wild","3 _ 20","1.D1A _ CB",12H 16M 0S,736,1,4,4,0.948005556658067,0.938820247110403,4.868,5.839,736,0.111,0,0,0,0,0,0,0,0,0,0,0,4.666,4.6,1.151257,0.228469339154594,2.226,NA,NA,4.55366666666667,4.533
"67","21",3,74,"E",333,74,"08. May",2023,"Y",13:30:00,"N2","MVI_5725",NA,"Y","12:06",11,NA,5,"1.D1A",0.361,3.096,-12.117,3.092,0.835,4.359,-13.294,4.454,0.172,"2Non_social","2Lab","3 _ 21","1.D1A _ N2",13H 30M 0S,810,1,3,3,0.694207453973956,0.710254645560908,13.294,12.117,736,0.361,0,74,0,0,0,0,0,0,0,0,0,2.731,2.735,2.58182,0.579663224068253,2.2,NA,NA,3.74733333333333,3.8
"68","22",3,19,"E",278,19,"08. May",2023,"Y",12:16:00,"N2","MVI_5669",NA,"Y","12:06",11,NA,5,"1.D1A",0.278,2.236,2.138,2.234,0.278,4.441,1.342,4.418,0.162,"2Non_social","2Lab","3 _ 22","1.D1A _ N2",12H 16M 0S,736,1,4,4,0.505658669081032,0.503490204908804,1.342,2.138,736,0.278,0,0,0,0,0,0,0,0,0,0,0,1.956,1.958,0.621052,0.140573110004527,2.2,NA,NA,3.14666666666667,3.389
"69","23",3,20,"E",279,20,"08. May",2023,"Y",12:16:00,"CB","MVI_5670",NA,"Y","12:06",11.13,NA,5,"1.D1A",0.42,3.126,-13.658,3.19,0.876,4.069,0.68,4.069,0.162,"1Social","1Wild","3 _ 23","1.D1A _ CB",12H 16M 0S,736,1,4,4,0.783976406979602,0.76824772671418,0.68,13.658,736,0.42,0,0,0,0,0,0,0,0,0,0,0,2.77,2.706,2.79444,0.686763332514131,2.226,NA,NA,4.392,4.951
"70","24",3,21,"E",280,21,"08. May",2023,"Y",12:16:00,"CB","MVI_5671",NA,"Y","12:06",11.13,NA,5,"1.D1A",0.271,3.048,-4.17,3.007,0.94,4.576,-5.253,4.557,0.146,"1Social","1Wild","3 _ 24","1.D1A _ CB",12H 16M 0S,736,1,4,4,0.659863945578231,0.666083916083916,5.253,4.17,736,0.271,0,0,0,0,0,0,0,0,0,0,0,2.736,2.777,2.82658,0.620272108843537,2.226,NA,NA,3.69333333333333,3.68
"71","25",3,22,"E",281,22,"08. May",2023,"Y",12:16:00,"CB","MVI_5673",NA,"Y","12:06",11.13,NA,5,"1.D1A",0.312,3.506,-12.945,3.58,0.853,4.179,-8.977,4.221,0.181,"1Social","1Wild","3 _ 25","1.D1A _ CB",12H 16M 0S,736,1,4,4,0.848140251125326,0.838956688202919,8.977,12.945,736,0.312,0,0,0,0,0,0,0,0,0,0,0,3.268,3.194,3.05374,0.723463634209903,2.226,NA,NA,3.31866666666667,3.48
"72","27",3,80,"E",339,80,"08. May",2023,"Y",13:30:00,"N2","MVI_5732",NA,"Y","12:06",11,NA,5,"1.D1A",0.361,2.638,1.654,2.646,0.858,2.707,-8.243,2.718,0.139,"2Non_social","2Lab","3 _ 27","1.D1A _ N2",13H 30M 0S,810,1,3,3,0.973509933774834,0.974510528260067,8.243,1.654,736,0.361,0,74,0,0,0,0,0,0,0,0,0,2.285,2.277,2.270268,0.835271523178808,2.2,NA,NA,3.11733333333333,3.087
"73","28",3,24,"E",283,24,"08. May",2023,"Y",12:16:00,"CB","MVI_5675",NA,"Y","12:06",11.13,NA,5,"1.D1A",0.281,2.545,2.631,2.571,0.948,3.445,-5.676,3.451,0.132,"1Social","1Wild","3 _ 28","1.D1A _ CB",12H 16M 0S,736,1,4,4,0.745001448855404,0.738751814223512,5.676,2.631,736,0.281,0,0,0,0,0,0,0,0,0,0,0,2.29,2.264,2.437308,0.706261373514923,2.226,NA,NA,3.14833333333333,3.192
"74","3",3,3,"E",262,3,"08. May",2023,"Y",12:16:00,"CB","MVI_5653",NA,"Y","12:06",NA,NA,5,"1.D1A",0.34,3.055,0,3.055,0.599,3.348,1.821,3.364,0.149,"1Social","1Wild","3 _ 3","1.D1A _ CB",12H 16M 0S,736,1,4,4,0.908145065398335,0.912485065710872,1.821,0,736,0.34,0,0,0,0,0,0,0,0,0,0,0,2.715,2.715,1.829945,0.543978894173603,NA,NA,NA,3.169,3.219
"75","34",3,30,"E",289,30,"08. May",2023,"Y",12:16:00,"N2","MVI_5681",NA,"Y","12:06",11,NA,5,"1.D1A",0.299,1.104,-5.747,1.075,0.353,4.649,-4.281,4.62,0.195,"2Non_social","2Lab","3 _ 34","1.D1A _ N2",12H 16M 0S,736,1,4,4,0.232683982683983,0.237470423747042,4.281,5.747,736,0.299,0,0,0,0,0,0,0,0,0,0,0,0.776,0.805,0.379475,0.0821374458874459,2.2,NA,NA,2.58733333333333,3.013
"76","36",3,32,"E",291,32,"08. May",2023,"Y",12:16:00,"CB","MVI_5683",NA,"Y","12:06",11.13,NA,5,"1.D1A",0.368,3.091,-9.218,3.077,0.842,3.865,-7.5,3.857,0.145,"1Social","1Wild","3 _ 36","1.D1A _ CB",12H 16M 0S,736,1,4,4,0.797770287788437,0.79974126778784,7.5,9.218,736,0.368,0,0,0,0,0,0,0,0,0,0,0,2.709,2.723,2.590834,0.671722582317864,2.226,NA,NA,3.20833333333333,3.203
"77","37",3,33,"E",292,33,"08. May",2023,"Y",12:16:00,"N2","MVI_5684",NA,"Y","12:06",11,NA,5,"1.D1A",0.208,1.896,4.612,1.856,0.364,4.262,3.175,4.234,0.152,"2Non_social","2Lab","3 _ 37","1.D1A _ N2",12H 16M 0S,736,1,4,4,0.438356164383562,0.444861567339277,3.175,4.612,736,0.208,0,0,0,0,0,0,0,0,0,0,0,1.648,1.688,0.675584,0.159561643835616,2.2,NA,NA,2.73733333333333,2.826
"78","38",3,34,"E",293,34,"08. May",2023,"Y",12:16:00,"N2","MVI_5685",NA,"Y","12:06",11,NA,5,"1.D1A",0.403,2.288,0.518,2.305,0.691,3.848,0.977,3.842,0.141,"2Non_social","2Lab","3 _ 38","1.D1A _ N2",12H 16M 0S,736,1,4,4,0.599947943779282,0.594594594594595,0.977,0.518,736,0.403,0,0,0,0,0,0,0,0,0,0,0,1.902,1.885,1.592755,0.414564029151484,2.2,NA,NA,2.86766666666667,2.996
"79","39",3,35,"E",294,35,"08. May",2023,"Y",12:16:00,"N2","MVI_5686",NA,"Y","12:06",11,NA,5,"1.D1A",0.309,2.968,-1.667,2.983,0.608,4.938,-0.92,4.942,0.152,"2Non_social","2Lab","3 _ 39","1.D1A _ N2",12H 16M 0S,736,1,4,4,0.603601780655605,0.601053057918186,0.92,1.667,736,0.309,0,0,0,0,0,0,0,0,0,0,0,2.674,2.659,1.813664,0.366989882638608,2.2,NA,NA,3.71666666666667,3.854
"80","4",3,4,"E",263,4,"08. May",2023,"Y",12:16:00,"N2","MVI_5654",NA,"Y","12:06",11,NA,5,"1.D1A",0.24,1.347,-15.229,1.335,0.495,3.148,-16.498,3.193,0.16,"2Non_social","2Lab","3 _ 4","1.D1A _ N2",12H 16M 0S,736,1,4,4,0.418102098340119,0.427890724269377,16.498,15.229,736,0.24,0,0,0,0,0,0,0,0,0,0,0,1.095,1.107,0.660825,0.206960538678359,2.2,NA,NA,2.16266666666667,1.945
"81","40",3,36,"E",295,36,"08. May",2023,"Y",12:16:00,"N2","MVI_5687",NA,"Y","12:06",11,NA,5,"1.D1A",0.177,1.708,-2.687,1.703,0.349,4.69,-3.366,4.698,0.124,"2Non_social","2Lab","3 _ 40","1.D1A _ N2",12H 16M 0S,736,1,4,4,0.362494678586633,0.364179104477612,3.366,2.687,736,0.177,0,0,0,0,0,0,0,0,0,0,0,1.526,1.531,0.594347,0.126510642826735,2.2,NA,NA,2.865,3.097
"82","42",3,37,"E",296,37,"08. May",2023,"Y",12:16:00,"N2","MVI_5688",NA,"Y","12:06",11,NA,5,"1.D1A",0.42,2.892,0,2.895,0.83,3.114,2.225,3.109,0.145,"2Non_social","2Lab","3 _ 42","1.D1A _ N2",12H 16M 0S,736,1,4,4,0.931167577999357,0.928709055876686,2.225,0,736,0.42,0,0,0,0,0,0,0,0,0,0,0,2.475,2.472,2.40285,0.772869089739466,2.2,NA,NA,3.52666666666667,3.831
"83","43",3,38,"E",297,38,"08. May",2023,"Y",12:16:00,"CB","MVI_5689",NA,"Y","12:06",11.13,NA,5,"1.D1A",0.299,2.477,-5.361,2.378,0.789,4.607,-4.425,4.603,0.141,"1Social","1Wild","3 _ 43","1.D1A _ CB",12H 16M 0S,736,1,4,4,0.516619595915707,0.537660082483178,4.425,5.361,736,0.299,0,0,0,0,0,0,0,0,0,0,0,2.079,2.178,1.876242,0.407612861177493,2.226,NA,NA,2.75866666666667,2.625
"84","47",3,41,"E",300,41,"08. May",2023,"Y",12:16:00,"N2","MVI_5692",NA,"Y","12:06",11,NA,5,"1.D1A",0.25,2.999,-2.846,3.006,0.389,4.924,-1.37,4.905,0.166,"2Non_social","2Lab","3 _ 47","1.D1A _ N2",12H 16M 0S,736,1,3,3,0.612844036697248,0.609057676685621,1.37,2.846,736,0.25,0,0,0,0,0,0,0,0,0,0,0,2.756,2.749,1.169334,0.238396330275229,2.2,NA,NA,2.499,3.006
"85","5",3,5,"E",264,5,"08. May",2023,"Y",12:16:00,"N2","MVI_5655",NA,"Y","12:06",11,NA,5,"1.D1A",0.222,1.611,-3.453,1.614,0.581,2.386,-7.692,2.422,0.104,"2Non_social","2Lab","3 _ 5","1.D1A _ N2",12H 16M 0S,736,1,4,4,0.666391412056152,0.675188600167645,7.692,3.453,736,0.222,0,0,0,0,0,0,0,0,0,0,0,1.392,1.389,0.937734,0.387173410404624,2.2,NA,NA,2.318,2.247
"86","6",3,6,"E",265,6,"08. May",2023,"Y",12:16:00,"CB","MVI_5656",NA,"Y","12:06",11.13,NA,5,"1.D1A",0.292,2.239,1.912,2.185,0.66,2.855,1.456,2.849,0.106,"1Social","1Wild","3 _ 6","1.D1A _ CB",12H 16M 0S,736,1,4,4,0.766935766935767,0.784238178633975,1.456,1.912,736,0.292,0,0,0,0,0,0,0,0,0,0,0,1.893,1.947,1.4421,0.506177606177606,2.226,NA,NA,2.656,2.185
"87","7",3,7,"E",266,7,"08. May",2023,"Y",12:16:00,"N2","MVI_5657",NA,"Y","12:06",11,NA,5,"1.D1A",0.375,2.128,-2.797,2.134,0.535,3.694,-8.625,3.725,0.128,"2Non_social","2Lab","3 _ 7","1.D1A _ N2",12H 16M 0S,736,1,4,4,0.572885906040268,0.576069301570114,8.625,2.797,736,0.375,0,0,0,0,0,0,0,0,0,0,0,1.759,1.753,1.14169,0.306493959731544,2.2,NA,NA,3.04666666666667,3.107
"88","8",3,8,"E",267,8,"08. May",2023,"Y",12:16:00,"CB","MVI_5658",NA,"Y","12:06",11.13,NA,5,"1.D1A",0.375,3.135,0.825,3.135,0.764,5.717,1.449,5.726,0.19,"1Social","1Wild","3 _ 8","1.D1A _ CB",12H 16M 0S,736,1,4,4,0.547502619629759,0.548364526849746,1.449,0.825,736,0.375,0,0,0,0,0,0,0,0,0,0,0,2.76,2.76,2.39514,0.418292001397136,2.226,NA,NA,3.84533333333333,3.77
"89","9",3,9,"E",268,9,"08. May",2023,"Y",12:16:00,"CB","MVI_5659",NA,"Y","12:06",11.13,NA,5,"1.D1A",0.5,4.107,0.242,4.103,0.736,4.942,1.564,4.926,0.176,"1Social","1Wild","3 _ 9","1.D1A _ CB",12H 16M 0S,736,1,4,4,0.832927324401137,0.831040064751113,1.564,0.242,736,0.5,0,0,0,0,0,0,0,0,0,0,0,3.603,3.607,3.019808,0.613034510759237,2.226,NA,NA,4.224,4.103
"90","15",4,15,"E",558,15,"09. May",2023,"Y",13:05:00,"N2","MVI_5968",NA,"Y","12:50",NA,NA,5,"1.D1A",0.298,1.568,11.563,1.626,0.4,4.586,8.8,4.459,0.202,"2Non_social","2Lab","4 _ 15","1.D1A _ N2",13H 5M 0S,785,1,3,3,0.364655752410854,0.341910161360663,8.8,11.563,785,0.298,0,0,0,0,0,0,0,0,0,0,0,1.328,1.27,0.6504,0.145862300964342,NA,NA,NA,3.15633333333333,3.414
"91","17",4,40,"E",583,40,"09. May",2023,"Y",13:05:00,"N2","MVI_5994",NA,"Y","12:50",NA,NA,5,"1.D1A",0.444,3.129,2.091,3.126,0.87,4.745,0.762,4.717,0.145,"2Non_social","2Lab","4 _ 17","1.D1A _ N2",13H 5M 0S,785,1,3,3,0.662709349162603,0.659430979978925,0.762,2.091,785,0.444,0,0,0,0,0,0,0,0,0,0,0,2.682,2.685,2.71962,0.576557133771465,NA,NA,NA,3.68466666666667,3.769
"92","19",4,41,"E",584,41,"09. May",2023,"Y",13:05:00,"N2","MVI_5995",NA,"Y","12:50",NA,NA,5,"1.D1A",0.399,3.051,-5.083,3.034,0.836,3.909,-4.721,3.954,0.159,"2Non_social","2Lab","4 _ 19","1.D1A _ N2",13H 5M 0S,785,1,3,3,0.767324228629236,0.780506523407521,4.721,5.083,785,0.399,0,0,0,0,0,0,0,0,0,0,0,2.635,2.652,2.536424,0.641483055134041,NA,NA,NA,3.76366666666667,3.799
"93","2",4,21,"E",564,21,"09. May",2023,"Y",13:05:00,"N2","MVI_5975",NA,"Y","12:50",NA,NA,5,"1.D1A",0.289,2.814,-7.825,2.812,0.856,3.434,-11.526,3.473,0.124,"2Non_social","2Lab","4 _ 2","1.D1A _ N2",13H 5M 0S,785,1,3,3,0.809674632882234,0.819452533488643,11.526,7.825,785,0.289,0,0,0,0,0,0,0,0,0,0,0,2.523,2.525,2.407072,0.693081485747193,NA,NA,NA,3.53333333333333,3.607
"94","26",4,33,"E",576,33,"09. May",2023,"Y",13:05:00,"CB","MVI_5987",NA,"Y","12:50",NA,NA,5,"1.D1A",0.354,2.631,4.035,2.605,0.71,4.246,7.436,4.302,0.213,"1Social","1Wild","4 _ 26","1.D1A _ CB",13H 5M 0S,785,1,3,3,0.605532310553231,0.619642016015073,7.436,4.035,785,0.354,0,0,0,0,0,0,0,0,0,0,0,2.251,2.277,1.84955,0.429927940492794,NA,NA,NA,2.93133333333333,2.846
"95","27",4,38,"E",581,38,"09. May",2023,"Y",13:05:00,"CB","MVI_5992",NA,"Y","12:50",NA,NA,5,"1.D1A",0.31,3.145,3.586,3.126,0.94,4.227,1.587,4.248,0.138,"1Social","1Wild","4 _ 27","1.D1A _ CB",13H 5M 0S,785,1,3,3,0.735875706214689,0.744026496333097,1.587,3.586,785,0.31,0,0,0,0,0,0,0,0,0,0,0,2.816,2.835,2.93844,0.691723163841808,NA,NA,NA,3.17666666666667,3.126
"96","3",4,10,"E",553,10,"09. May",2023,"Y",13:05:00,"N2","MVI_5963",NA,"Y","12:50",NA,NA,5,"1.D1A",0.334,2.7,3.453,2.705,0.706,3.446,3.889,3.411,0.126,"2Non_social","2Lab","4 _ 3","1.D1A _ N2",13H 5M 0S,785,1,3,3,0.793022574025213,0.783517121300058,3.889,3.453,785,0.334,0,0,0,0,0,0,0,0,0,0,0,2.371,2.366,1.90973,0.5598739372618,NA,NA,NA,3.10033333333333,3.166
"97","33",4,28,"E",571,28,"09. May",2023,"Y",13:05:00,"CB","MVI_5982",NA,"Y","12:50",NA,NA,5,"1.D1A",0.546,4.261,2.44,4.305,0.723,6.219,0.723,6.214,0.2,"1Social","1Wild","4 _ 33","1.D1A _ CB",13H 5M 0S,785,1,3,3,0.692790473125201,0.685158385592539,0.723,2.44,785,0.546,0,0,0,0,0,0,0,0,0,0,0,3.759,3.715,3.112515,0.50088751206952,NA,NA,NA,4.452,4.305
"98","38",4,42,"E",585,42,"09. May",2023,"Y",13:05:00,"N2","MVI_5996",NA,"Y","12:50",NA,NA,5,"1.D1A",0.228,1.76,-4.797,1.753,0.243,3.058,-4.41,3.059,0.129,"2Non_social","2Lab","4 _ 38","1.D1A _ N2",13H 5M 0S,785,1,3,3,0.573063092513893,0.575539568345324,4.41,4.797,785,0.228,0,0,0,0,0,0,0,0,0,0,0,1.525,1.532,0.425979,0.139254331480876,NA,NA,NA,2.81866666666667,3.027
"99","4",4,2,"E",545,2,"09. May",2023,"Y",13:05:00,"N2","MVI_5955",NA,"Y","12:50",NA,NA,5,"1.D1A",0.293,3.271,-14.138,3.352,0.858,3.368,-9.807,3.43,0.135,"2Non_social","2Lab","4 _ 4","1.D1A _ N2",13H 5M 0S,785,1,3,3,0.977259475218659,0.971199524940618,9.807,14.138,785,0.293,0,0,0,0,0,0,0,0,0,0,0,3.059,2.978,2.876016,0.838488629737609,NA,NA,NA,3.34033333333333,3.352
"100","41",4,31,"E",574,31,"09. May",2023,"Y",13:05:00,"CB","MVI_5985",NA,"Y","12:50",NA,NA,5,"1.D1A",0.428,3.047,-16.385,3.061,0.878,4.074,-8.477,4.122,0.181,"1Social","1Wild","4 _ 41","1.D1A _ CB",13H 5M 0S,785,1,3,3,0.742600679281902,0.747913598429062,8.477,16.385,785,0.428,0,0,0,0,0,0,0,0,0,0,0,2.633,2.619,2.687558,0.65200339640951,NA,NA,NA,3.435,3.186
"101","42",4,5,"E",548,5,"09. May",2023,"Y",13:05:00,"N2","MVI_5958",NA,"Y","12:50",NA,NA,5,"1.D1A",0.342,2.464,5.953,2.396,0.676,3.109,-3.881,3.128,0.161,"2Non_social","2Lab","4 _ 42","1.D1A _ N2",13H 5M 0S,785,1,3,3,0.765984654731458,0.792537793502734,3.881,5.953,785,0.342,0,0,0,0,0,0,0,0,0,0,0,2.054,2.122,1.619696,0.517805626598465,NA,NA,NA,3.03,2.949
"102","47",4,20,"E",563,20,"09. May",2023,"Y",13:05:00,"N2","MVI_5974",NA,"Y","12:50",NA,NA,5,"1.D1A",0.33,3.141,-1.263,3.141,0.684,5.007,-2.026,4.99,0.185,"2Non_social","2Lab","4 _ 47","1.D1A _ N2",13H 5M 0S,785,1,3,3,0.629458917835671,0.627321749550629,2.026,1.263,785,0.33,0,0,0,0,0,0,0,0,0,0,0,2.811,2.811,2.148444,0.430549899799599,NA,NA,NA,3.79733333333333,3.977
"103","5",4,27,"E",570,27,"09. May",2023,"Y",13:05:00,"CB","MVI_5981",NA,"Y","12:50",NA,NA,5,"1.D1A",0.546,4.163,-1.53,4.119,0.992,3.348,-1.476,3.349,0.173,"1Social","1Wild","4 _ 5","1.D1A _ CB",13H 5M 0S,785,1,3,3,1.22991937891908,1.24342891278375,1.476,1.53,785,0.546,0,0,0,0,0,0,0,0,0,0,0,3.573,3.617,4.086048,1.22008002388773,NA,NA,NA,3.97433333333333,4.119
"104","50",4,3,"E",546,3,"09. May",2023,"Y",13:05:00,"N2","MVI_5956",NA,"Y","12:50",NA,NA,5,"1.D1A",0.297,3.132,7.061,3.148,0.933,4.473,-4.526,4.472,0.185,"2Non_social","2Lab","4 _ 50","1.D1A _ N2",13H 5M 0S,785,1,3,3,0.703935599284436,0.700201207243461,4.526,7.061,785,0.297,0,0,0,0,0,0,0,0,0,0,0,2.851,2.835,2.937084,0.656771914132379,NA,NA,NA,3.67133333333333,3.9
"105","55",4,34,"E",577,34,"09. May",2023,"Y",13:05:00,"CB","MVI_5988",NA,"Y","12:50",NA,NA,5,"1.D1A",0.371,2.183,16.447,2.302,0.753,2.439,10.962,2.536,0.149,"1Social","1Wild","4 _ 55","1.D1A _ CB",13H 5M 0S,785,1,3,3,0.907728706624606,0.895038950389504,10.962,16.447,785,0.371,0,0,0,0,0,0,0,0,0,0,0,1.931,1.812,1.733406,0.683519716088328,NA,NA,NA,3.41566666666667,3.972
"106","56",4,39,"E",582,39,"09. May",2023,"Y",13:05:00,"CB","MVI_5993",NA,"Y","12:50",NA,NA,5,"1.D1A",0.395,2.986,-3.302,2.97,0.686,3.474,-4.903,3.486,0.098,"1Social","1Wild","4 _ 56","1.D1A _ CB",13H 5M 0S,785,1,3,3,0.85197934595525,0.859527921704088,4.903,3.302,785,0.395,0,0,0,0,0,0,0,0,0,0,0,2.575,2.591,2.03742,0.584457831325301,NA,NA,NA,3.49233333333333,3.662
"107","58",4,19,"E",562,19,"09. May",2023,"Y",13:05:00,"N2","MVI_5973",NA,"Y","12:50",NA,NA,5,"1.D1A",0.371,2.065,-7.69,2.1,0.582,2.615,-10.933,2.687,0.131,"2Non_social","2Lab","4 _ 58","1.D1A _ N2",13H 5M 0S,785,1,3,3,0.781540751767771,0.789674952198853,10.933,7.69,785,0.371,0,0,0,0,0,0,0,0,0,0,0,1.729,1.694,1.2222,0.454856717528843,NA,NA,NA,2.83833333333333,3.112
"108","6",4,43,"E",586,43,"09. May",2023,"Y",13:05:00,"CB","MVI_5997",NA,"Y","12:50",7.333333333,NA,5,"3.MIX",0.294,1.679,-7.747,1.722,0.258,4.569,-9.077,4.597,0.146,"1Social","1Wild","4 _ 6","3.MIX _ CB",13H 5M 0S,785,1,3,3,0.374592125299108,0.367476471875684,9.077,7.747,785,0.294,0,0,0,0,0,0,0,0,0,0,0,1.428,1.385,0.444276,0.0966447683271699,1.4666666666,NA,NA,2.215,1.805
"109","62",4,29,"E",572,29,"09. May",2023,"Y",13:05:00,"CB","MVI_5983",NA,"Y","12:50",NA,NA,5,"1.D1A",0.33,2.171,13.712,2.268,0.653,2.094,1.927,2.099,0.098,"1Social","1Wild","4 _ 62","1.D1A _ CB",13H 5M 0S,785,1,3,3,1.08051453072892,1.03677172874881,1.927,13.712,785,0.33,0,0,0,0,0,0,0,0,0,0,0,1.938,1.841,1.481004,0.705575988565984,NA,NA,NA,3.05966666666667,3.389
"110","65",4,7,"E",550,7,"09. May",2023,"Y",13:05:00,"N2","MVI_5960",NA,"Y","12:50",NA,NA,5,"1.D1A",0.35,2.717,0.946,2.713,0.807,2.965,4.228,3.031,0.126,"2Non_social","2Lab","4 _ 65","1.D1A _ N2",13H 5M 0S,785,1,3,3,0.895084130649951,0.916357504215852,4.228,0.946,785,0.35,0,0,0,0,0,0,0,0,0,0,0,2.363,2.367,2.189391,0.72233289343451,NA,NA,NA,3.291,3.378
"111","67",4,35,"E",578,35,"09. May",2023,"Y",13:05:00,"CB","MVI_5989",NA,"Y","12:50",NA,NA,5,"1.D1A",0.44,2.293,6.116,2.294,0.708,2.788,1.6,2.808,0.141,"1Social","1Wild","4 _ 67","1.D1A _ CB",13H 5M 0S,785,1,3,3,0.816951566951567,0.82245337159254,1.6,6.116,785,0.44,0,0,0,0,0,0,0,0,0,0,0,1.854,1.853,1.624152,0.578401709401709,NA,NA,NA,3.247,3.708
"112","70",4,30,"E",573,30,"09. May",2023,"Y",13:05:00,"CB","MVI_5984",NA,"Y","12:50",NA,NA,5,"1.D1A",0.375,2.957,-6.279,2.942,0.687,3.031,-2.993,3.003,0.154,"1Social","1Wild","4 _ 70","1.D1A _ CB",13H 5M 0S,785,1,3,3,0.97968697968698,0.975585615308479,2.993,6.279,785,0.375,0,0,0,0,0,0,0,0,0,0,0,2.567,2.582,2.021154,0.673044955044955,NA,NA,NA,3.24233333333333,3.133
"113","76",4,36,"E",579,36,"09. May",2023,"Y",13:05:00,"CB","MVI_5990",NA,"Y","12:50",NA,NA,5,"1.D1A",0.346,2.651,0.352,2.652,0.654,3.274,-1.033,3.262,0.11,"1Social","1Wild","4 _ 76","1.D1A _ CB",13H 5M 0S,785,1,3,3,0.812998160637646,0.809712889431888,1.033,0.352,785,0.346,0,0,0,0,0,0,0,0,0,0,0,2.306,2.305,1.734408,0.53170079705702,NA,NA,NA,3.283,3.115
"114","77",4,32,"E",575,32,"09. May",2023,"Y",13:05:00,"CB","MVI_5986",NA,"Y","12:50",NA,NA,5,"1.D1A",0.412,3.205,-3.54,3.167,0.66,2.145,2.508,2.15,0.11,"1Social","1Wild","4 _ 77","1.D1A _ CB",13H 5M 0S,785,1,3,3,1.47302325581395,1.49417249417249,2.508,3.54,785,0.412,0,0,0,0,0,0,0,0,0,0,0,2.755,2.793,2.09022,0.972195348837209,NA,NA,NA,3.30433333333333,3.207
"115","78",4,37,"E",580,37,"09. May",2023,"Y",13:05:00,"CB","MVI_5991",NA,"Y","12:50",NA,NA,5,"1.D1A",0.539,3.083,-18.132,3.167,0.783,2.835,-14.877,2.917,0.122,"1Social","1Wild","4 _ 78","1.D1A _ CB",13H 5M 0S,785,1,3,3,1.08570449091532,1.08747795414462,14.877,18.132,785,0.539,0,0,0,0,0,0,0,0,0,0,0,2.628,2.544,2.479761,0.850106616386699,NA,NA,NA,3.64533333333333,3.547
"116","10",5,4,"E",799,4,"10. May",2023,"Y",12:40:00,"CB","MVI_6219",NA,"Y","12:20",4.666666667,65.66666667,5,"3.MIX",0.381,2.664,3.628,2.635,0.575,5.593,2.386,5.598,0.167,"1Social","1Wild","5 _ 10","3.MIX _ CB",12H 40M 0S,760,1,5,5,0.470703822793855,0.476309672805292,2.386,3.628,760,0.381,0,0,0,0,0,0,0,0,0,0,0,2.254,2.283,1.515125,0.270654698106467,0.9333333334,13.133333334,0.0663507109017542,2.95566666666667,3.038
"117","11",5,26,"E",821,26,"10. May",2023,"Y",13:55:00,"N2","MVI_6242",NA,"Y","12:20",2.333333333,23.66666667,5,"3.MIX",0.491,0.786,1.364,0.801,0.21,4.228,3.142,4.251,0.167,"2Non_social","2Lab","5 _ 11","3.MIX _ N2",13H 55M 0S,835,1,4,4,0.188426252646436,0.185903500473037,3.142,1.364,760,0.491,0,75,0,0,0,0,0,0,0,0,0,0.31,0.295,0.16821,0.0395695130557516,0.4666666666,4.733333334,0.0897435897204142,2.275,2.917
"118","12",5,5,"E",800,5,"10. May",2023,"Y",12:40:00,"CB","MVI_6220",NA,"Y","12:20",60,NA,5,"2.DAU",0.343,0.948,-7.503,0.985,0.191,4.544,-8.887,4.633,0.186,"1Social","1Wild","5 _ 12","2.DAU _ CB",12H 40M 0S,760,1,5,5,0.212605223397367,0.20862676056338,8.887,7.503,760,0.343,0,0,0,0,0,0,0,0,0,0,0,0.642,0.605,0.188135,0.040607597668897,12,NA,NA,1.506,1.382
"119","16",5,6,"E",801,6,"10. May",2023,"Y",12:40:00,"N2","MVI_6221",NA,"Y","12:20",2.333333333,23.66666667,5,"3.MIX",0.372,1.644,-6.394,1.669,0.377,6.109,-10.168,6.223,0.267,"2Non_social","2Lab","5 _ 16","3.MIX _ N2",12H 40M 0S,760,1,5,5,0.268198618029889,0.269111147487314,10.168,6.394,760,0.372,0,0,0,0,0,0,0,0,0,0,0,1.297,1.272,0.629213,0.101110878997268,0.4666666666,4.733333334,0.0897435897204142,2.60866666666667,2.921
"120","2",5,1,"E",796,1,"10. May",2023,"Y",12:40:00,"CB","MVI_6216",NA,"Y","12:20",4.666666667,65.66666667,5,"3.MIX",0.286,2.954,-0.186,2.935,0.429,4.012,-1.901,4.014,0.151,"1Social","1Wild","5 _ 2","3.MIX _ CB",12H 40M 0S,760,1,5,5,0.731190832087693,0.73629112662014,1.901,0.186,760,0.286,0,0,0,0,0,0,0,0,0,0,0,2.649,2.668,1.259115,0.31368086696562,0.9333333334,13.133333334,0.0663507109017542,3.19866666666667,3.302
"121","20",5,30,"E",825,30,"10. May",2023,"Y",13:55:00,"N2","MVI_6246",NA,"Y","12:20",52,NA,5,"2.DAU",0.496,0.943,-6.054,0.949,0.21,4.777,-8.02,4.892,0.2,"2Non_social","2Lab","5 _ 20","2.DAU _ N2",13H 55M 0S,835,1,4,4,0.193990188062142,0.197404228595353,8.02,6.054,760,0.496,0,75,0,0,0,0,0,0,0,0,0,0.453,0.447,0.19929,0.0407379394930499,10.4,NA,NA,1.068,1.109
"122","21",5,7,"E",802,7,"10. May",2023,"Y",12:40:00,"CB","MVI_6222",NA,"Y","12:20",4.666666667,65.66666667,5,"3.MIX",0.229,1.887,-0.145,1.887,0.349,3.745,-7.377,3.76,0.216,"1Social","1Wild","5 _ 21","3.MIX _ CB",12H 40M 0S,760,1,5,5,0.50186170212766,0.503871829105474,7.377,0.145,760,0.229,0,0,0,0,0,0,0,0,0,0,0,1.658,1.658,0.658563,0.175149734042553,0.9333333334,13.133333334,0.0663507109017542,2.22,2.277
"123","22",5,8,"E",803,8,"10. May",2023,"Y",12:40:00,"CB","MVI_6224",NA,"Y","12:20",4.666666667,65.66666667,5,"3.MIX",0.286,2.192,-12.804,2.257,0.681,3.379,-19.026,3.574,0.121,"1Social","1Wild","5 _ 22","3.MIX _ CB",12H 40M 0S,760,1,5,5,0.631505316172356,0.648712636874815,19.026,12.804,760,0.286,0,0,0,0,0,0,0,0,0,0,0,1.971,1.906,1.537017,0.430055120313374,0.9333333334,13.133333334,0.0663507109017542,2.30966666666667,2.257
"124","24",5,9,"E",804,9,"10. May",2023,"Y",12:40:00,"N2","MVI_6225",NA,"Y","12:20",2.333333333,23.66666667,5,"3.MIX",0.167,0.764,5.389,0.761,0.193,3.645,7.509,3.694,0.183,"2Non_social","2Lab","5 _ 24","3.MIX _ N2",12H 40M 0S,760,1,5,5,0.206009745533297,0.20960219478738,7.509,5.389,760,0.167,0,0,0,0,0,0,0,0,0,0,0,0.594,0.597,0.146873,0.0397598808879264,0.4666666666,4.733333334,0.0897435897204142,1.76133333333333,1.854
"125","29",5,11,"E",806,11,"10. May",2023,"Y",12:40:00,"N2","MVI_6227",NA,"Y","12:20",2.333333333,23.66666667,5,"3.MIX",0.314,1.048,-6.023,1.044,0.226,3.33,-9.648,3.377,0.17,"2Non_social","2Lab","5 _ 29","3.MIX _ N2",12H 40M 0S,760,1,5,5,0.309150133254368,0.314714714714715,9.648,6.023,760,0.314,0,0,0,0,0,0,0,0,0,0,0,0.73,0.734,0.235944,0.0698679301154871,0.4666666666,4.733333334,0.0897435897204142,1.69833333333333,1.935
"126","32",5,37,"E",832,37,"10. May",2023,"Y",13:55:00,"CB","MVI_6253",NA,"Y","12:20",60,NA,5,"2.DAU",0.381,0.767,-0.352,0.777,0.167,3.962,-4.307,3.99,0.184,"1Social","1Wild","5 _ 32","2.DAU _ CB",13H 55M 0S,835,1,4,4,0.194736842105263,0.193589096415952,4.307,0.352,760,0.381,0,75,0,0,0,0,0,0,0,0,0,0.396,0.386,0.129759,0.032521052631579,12,NA,NA,0.928333333333333,0.777
"127","35",5,12,"E",807,12,"10. May",2023,"Y",12:40:00,"CB","MVI_6228",NA,"Y","12:20",4.666666667,65.66666667,5,"3.MIX",0.238,2.964,-2.231,2.937,0.393,4.977,-5.109,5.047,0.183,"1Social","1Wild","5 _ 35","3.MIX _ CB",12H 40M 0S,760,1,5,5,0.58192985932237,0.595539481615431,5.109,2.231,760,0.238,0,0,0,0,0,0,0,0,0,0,0,2.699,2.726,1.154241,0.228698434713691,0.9333333334,13.133333334,0.0663507109017542,2.72233333333333,2.812
"128","37",5,13,"E",808,13,"10. May",2023,"Y",12:40:00,"CB","MVI_6229",NA,"Y","12:20",60,NA,5,"2.DAU",0.586,0.667,-1.032,0.529,0.125,3.346,-3.417,3.352,0.15,"1Social","1Wild","5 _ 37","2.DAU _ CB",12H 40M 0S,760,1,5,5,0.157816229116945,0.199342498505678,3.417,1.032,760,0.586,0,0,0,0,0,0,0,0,0,0,0,-0.0569999999999999,0.0810000000000001,0.066125,0.0197270286396181,12,NA,NA,1.16,1.101
"129","38",5,14,"E",809,14,"10. May",2023,"Y",12:40:00,"N2","MVI_6230",NA,"Y","12:20",2.333333333,23.66666667,5,"3.MIX",0.505,1.739,-3.145,1.737,0.431,5.643,-3.376,5.653,0.233,"2Non_social","2Lab","5 _ 38","3.MIX _ N2",12H 40M 0S,760,1,4,4,0.307270475853529,0.308169413432571,3.376,3.145,760,0.505,0,0,0,0,0,0,0,0,0,0,0,1.232,1.234,0.748647,0.132433575092871,0.4666666666,4.733333334,0.0897435897204142,2.82166666666667,3.355
"130","44",5,43,"E",838,43,"10. May",2023,"Y",13:55:00,"CB","MVI_6259",NA,"Y","12:20",60,NA,5,"2.DAU",0.534,2.506,-3.576,2.521,0.215,3.729,-4.321,3.756,0.183,"1Social","1Wild","5 _ 44","2.DAU _ CB",13H 55M 0S,835,1,4,4,0.671192758253461,0.672030034861893,4.321,3.576,760,0.534,0,75,0,0,0,0,0,0,0,0,0,1.987,1.972,0.542015,0.144306443024494,12,NA,NA,2.26833333333333,2.396
"131","45",5,17,"E",812,17,"10. May",2023,"Y",12:40:00,"CB","MVI_6233",NA,"Y","12:20",4.666666667,65.66666667,5,"3.MIX",0.195,1.582,-4.359,1.567,0.206,3.646,-8.313,3.684,0.15,"1Social","1Wild","5 _ 45","3.MIX _ CB",12H 40M 0S,760,1,5,5,0.425352877307275,0.433900164563906,8.313,4.359,760,0.195,0,0,0,0,0,0,0,0,0,0,0,1.372,1.387,0.322802,0.0876226927252986,0.9333333334,13.133333334,0.0663507109017542,2.34166666666667,2.578
"132","6",5,51,"E",846,51,"10. May",2023,"Y",15:17:00,"N2","MVI_6267",NA,"Y","12:20",2.333333333,23.66666667,5,"3.MIX",0.334,2.335,-4.148,2.174,0.496,2.447,-6.17,2.478,0.117,"2Non_social","2Lab","5 _ 6","3.MIX _ N2",15H 17M 0S,917,1,3,3,0.877320419693301,0.954229668982427,6.17,4.148,760,0.334,0,157,0,0,0,0,0,0,0,0,0,1.84,2.001,1.078304,0.435150928167877,0.4666666666,4.733333334,0.0897435897204142,2.07,2.174
"133","8",5,23,"E",818,23,"10. May",2023,"Y",13:55:00,"CB","MVI_6239",NA,"Y","12:20",60,NA,5,"2.DAU",0.381,1.01,1.071,1.02,0.201,3.096,-0.311,3.063,0.117,"1Social","1Wild","5 _ 8","2.DAU _ CB",13H 55M 0S,835,1,4,4,0.333006856023506,0.326227390180879,0.311,1.071,760,0.381,0,75,0,0,0,0,0,0,0,0,0,0.639,0.629,0.20502,0.0669343780607248,12,NA,NA,0.875333333333333,0.877
"134","9",5,3,"E",798,3,"10. May",2023,"Y",12:40:00,"CB","MVI_6218",NA,"Y","12:20",4.666666667,65.66666667,5,"3.MIX",0.262,2.606,5.829,2.534,0.381,4.195,6.068,4.252,0.2,"1Social","1Wild","5 _ 9","3.MIX _ CB",12H 40M 0S,760,1,5,5,0.595954844778928,0.621215733015495,6.068,5.829,760,0.262,0,0,0,0,0,0,0,0,0,0,0,2.272,2.344,0.965454,0.227058795860771,0.9333333334,13.133333334,0.0663507109017542,2.71433333333333,2.534
"135","15",6,12,"E",981,12,"12. May",2023,"Y",12:37:00,"CB","MVI_6423",NA,"Y","12:25",NA,NA,NA,"1.D1A",0.33,3.179,-5.767,3.18,0.636,2.46,-4.85,2.499,0.091,"1Social","1Wild","6 _ 15","1.D1A _ CB",12H 37M 0S,757,1,4,4,1.27250900360144,1.29227642276423,4.85,5.767,757,0.33,0,0,0,0,0,0,0,0,0,0,0,2.85,2.849,2.02248,0.809315726290516,NA,NA,NA,2.32266666666667,2.51
"136","19",6,15,"E",984,15,"12. May",2023,"Y",12:37:00,"CB","MVI_6426",NA,"Y","12:25",1,21.66666667,5,"3.MIX",0.251,1.419,3.002,1.4,0.278,3.471,-2.726,3.49,0.137,"1Social","1Wild","6 _ 19","3.MIX _ CB",12H 37M 0S,757,1,4,4,0.401146131805158,0.408815903197926,2.726,3.002,757,0.251,0,0,0,0,0,0,0,0,0,0,0,1.149,1.168,0.3892,0.111518624641834,0.2,4.333333334,0.0441176470523356,2.308,2.457
"137","2",6,2,"E",971,2,"12. May",2023,"Y",12:37:00,"N2","MVI_6413",NA,"Y","12:25",7,48.33333333,5,"3.MIX",0.194,1.525,3.259,1.474,0.353,2.188,-3.158,2.191,0.107,"2Non_social","2Lab","6 _ 2","3.MIX _ N2",12H 37M 0S,757,1,4,4,0.672752167959836,0.696983546617916,3.158,3.259,757,0.194,0,0,0,0,0,0,0,0,0,0,0,1.28,1.331,0.520322,0.237481515289822,1.4,9.666666666,0.126506024104006,2.53433333333333,2.632
"138","20",6,16,"E",985,16,"12. May",2023,"Y",12:37:00,"N2","MVI_6427",NA,"Y","12:25",7,48.33333333,5,"3.MIX",0.168,1.069,-12.374,1.051,0.194,2.716,-19.674,2.868,0.121,"2Non_social","2Lab","6 _ 20","3.MIX _ N2",12H 37M 0S,757,1,4,4,0.366457461645746,0.39359351988218,19.674,12.374,757,0.168,0,0,0,0,0,0,0,0,0,0,0,0.883,0.901,0.203894,0.0710927475592748,1.4,9.666666666,0.126506024104006,2.24866666666667,2.764
"139","24",6,20,"E",989,20,"12. May",2023,"Y",12:37:00,"N2","MVI_6431",NA,"Y","12:25",NA,NA,NA,"1.D1A",0.068,1.65,0.365,1.645,0.367,3.833,0.902,3.833,0.166,"2Non_social","2Lab","6 _ 24","1.D1A _ N2",12H 37M 0S,757,1,4,4,0.429167753717715,0.430472214975215,0.902,0.365,757,0.068,0,0,0,0,0,0,0,0,0,0,0,1.577,1.582,0.603715,0.157504565614401,NA,NA,NA,2.89266666666667,3.338
"140","25",6,21,"E",990,21,"12. May",2023,"Y",12:37:00,"N2","MVI_6432",NA,"Y","12:25",NA,NA,NA,"1.D1A",0.309,1.855,-1.321,1.818,0.34,2.444,0.354,2.445,0.152,"2Non_social","2Lab","6 _ 25","1.D1A _ N2",12H 37M 0S,757,1,3,3,0.743558282208589,0.759001636661211,0.354,1.321,757,0.309,0,0,0,0,0,0,0,0,0,0,0,1.509,1.546,0.61812,0.25280981595092,NA,NA,NA,1.284,1.311
"141","28",6,23,"E",992,23,"12. May",2023,"Y",12:37:00,"CB","MVI_6434",NA,"Y","12:25",NA,NA,NA,"1.D1A",0.377,3.232,3.53,3.233,0.843,2.852,2.437,2.839,0.107,"1Social","1Wild","6 _ 28","1.D1A _ CB",12H 37M 0S,757,1,3,3,1.1387812610074,1.13323983169705,2.437,3.53,757,0.377,0,0,0,0,0,0,0,0,0,0,0,2.856,2.855,2.725419,0.959992603029236,NA,NA,NA,3.15566666666667,3.233
"142","29",6,24,"E",993,24,"12. May",2023,"Y",12:37:00,"N2","MVI_6435",NA,"Y","12:25",7,48.33333333,5,"3.MIX",0.231,1.304,-7.041,1.325,0.236,2.475,0.686,2.52,0.106,"2Non_social","2Lab","6 _ 29","3.MIX _ N2",12H 37M 0S,757,1,4,4,0.525793650793651,0.526868686868687,0.686,7.041,757,0.231,0,0,0,0,0,0,0,0,0,0,0,1.094,1.073,0.3127,0.124087301587302,1.4,9.666666666,0.126506024104006,2.27433333333333,2.58
"143","3",6,3,"E",972,3,"12. May",2023,"Y",12:37:00,"N2","MVI_6414",NA,"Y","12:25",NA,NA,NA,"1.D1A",0.236,2.802,-2.598,2.774,0.691,3.908,-1.554,3.894,0.121,"2Non_social","2Lab","6 _ 3","1.D1A _ N2",12H 37M 0S,757,1,4,4,0.712378017462763,0.716990788126919,1.554,2.598,757,0.236,0,0,0,0,0,0,0,0,0,0,0,2.538,2.566,1.916834,0.492253210066769,NA,NA,NA,3.41033333333333,3.487
"144","30",6,25,"E",994,25,"12. May",2023,"Y",12:37:00,"CB","MVI_6436",NA,"Y","12:25",NA,NA,NA,"1.D1A",0.247,3.033,2.802,3,0.754,3.968,2.83,3.973,0.136,"1Social","1Wild","6 _ 30","1.D1A _ CB",12H 37M 0S,757,1,3,3,0.755096904102693,0.764364919354839,2.83,2.802,757,0.247,0,0,0,0,0,0,0,0,0,0,0,2.753,2.786,2.262,0.569343065693431,NA,NA,NA,3.27966666666667,3.335
"145","37",6,31,"E",1000,31,"12. May",2023,"Y",12:37:00,"CB","MVI_6442",NA,"Y","12:25",1,21.66666667,5,"3.MIX",0.246,2.671,-13.614,2.759,0.19,2.837,-15.333,2.91,0.091,"1Social","1Wild","6 _ 37","3.MIX _ CB",12H 37M 0S,757,1,4,4,0.948109965635739,0.941487486781812,15.333,13.614,757,0.246,0,0,0,0,0,0,0,0,0,0,0,2.513,2.425,0.52421,0.18014089347079,0.2,4.333333334,0.0441176470523356,2.93833333333333,2.858
"146","38",6,32,"E",1001,32,"12. May",2023,"Y",12:37:00,"CB","MVI_6443",NA,"Y","12:25",NA,NA,NA,"1.D1A",0.095,1.88,-6.34,1.897,0.157,3.123,-5.765,3.155,0.137,"1Social","1Wild","6 _ 38","1.D1A _ CB",12H 37M 0S,757,1,3,3,0.601267828843106,0.601985270573167,5.765,6.34,757,0.095,0,0,0,0,0,0,0,0,0,0,0,1.802,1.785,0.297829,0.0943990491283677,NA,NA,NA,2.98966666666667,3.234
"147","39",6,33,"E",1002,33,"12. May",2023,"Y",12:37:00,"N2","MVI_6444",NA,"Y","12:25",NA,NA,NA,"1.D1A",0.157,2.127,-4.126,2.111,0.299,3.804,-1.359,3.819,0.181,"2Non_social","2Lab","6 _ 39","1.D1A _ N2",12H 37M 0S,757,1,4,4,0.552762503273108,0.559148264984227,1.359,4.126,757,0.157,0,0,0,0,0,0,0,0,0,0,0,1.954,1.97,0.631189,0.165275988478659,NA,NA,NA,2.66433333333333,2.849
"148","4",6,4,"E",973,4,"12. May",2023,"Y",12:37:00,"CB","MVI_6415",NA,"Y","12:25",NA,NA,NA,"1.D1A",0.309,4.306,-0.418,4.306,1.095,4.301,-2.01,4.303,0.152,"1Social","1Wild","6 _ 4","1.D1A _ CB",12H 37M 0S,757,1,3,3,1.00069718800837,1.00116252034411,2.01,0.418,757,0.309,0,0,0,0,0,0,0,0,0,0,0,3.997,3.997,4.71507,1.09576342086916,NA,NA,NA,4.567,4.306
"149","40",6,34,"E",1003,34,"12. May",2023,"Y",12:37:00,"CB","MVI_6445",NA,"Y","12:25",NA,NA,NA,"1.D1A",0.283,2.369,-1.382,2.389,0.484,3.516,-4.38,3.556,0.136,"1Social","1Wild","6 _ 40","1.D1A _ CB",12H 37M 0S,757,1,3,3,0.671822272215973,0.673777019340159,4.38,1.382,757,0.283,0,0,0,0,0,0,0,0,0,0,0,2.106,2.086,1.156276,0.325161979752531,NA,NA,NA,2.62266666666667,2.493
"150","44",6,37,"E",1006,37,"12. May",2023,"Y",12:37:00,"N2","MVI_6449",NA,"Y","12:25",7,48.33333333,5,"3.MIX",0.513,1.844,-0.647,1.854,0.383,2.354,2.603,2.326,0.107,"2Non_social","2Lab","6 _ 44","3.MIX _ N2",12H 37M 0S,757,1,4,4,0.797076526225279,0.783347493627867,2.603,0.647,757,0.513,0,0,0,0,0,0,0,0,0,0,0,1.341,1.331,0.710082,0.305280309544282,1.4,9.666666666,0.126506024104006,2.70233333333333,2.934
"151","46",6,39,"E",1008,39,"12. May",2023,"Y",12:37:00,"CB","MVI_6451",NA,"Y","12:25",NA,NA,NA,"1.D1A",0.157,2.106,-5.001,2.103,0.331,3.938,-3.508,3.946,0.167,"1Social","1Wild","6 _ 46","1.D1A _ CB",12H 37M 0S,757,1,4,4,0.53294475418145,0.534789233113255,3.508,5.001,757,0.157,0,0,0,0,0,0,0,0,0,0,0,1.946,1.949,0.696093,0.17640471363406,NA,NA,NA,2.00666666666667,2.06
"152","48",6,41,"E",1010,41,"12. May",2023,"Y",12:37:00,"CB","MVI_6453",NA,"Y","12:25",1,21.66666667,5,"3.MIX",0.314,2.572,-11.883,2.569,0.381,2.973,-11.918,3.069,0.122,"1Social","1Wild","6 _ 48","3.MIX _ CB",12H 37M 0S,757,1,4,4,0.837080482241773,0.865119408005382,11.918,11.883,757,0.314,0,0,0,0,0,0,0,0,0,0,0,2.255,2.258,0.978789,0.318927663734115,0.2,4.333333334,0.0441176470523356,2.98166666666667,3.073
"153","50",6,42,"E",1011,42,"12. May",2023,"Y",12:37:00,"CB","MVI_6454",NA,"Y","12:25",NA,NA,NA,"1.D1A",0.409,3.373,0.979,3.374,0.802,2.686,-3.198,2.705,0.106,"1Social","1Wild","6 _ 50","1.D1A _ CB",12H 37M 0S,757,1,4,4,1.24731977818854,1.25577066269546,3.198,0.979,757,0.409,0,0,0,0,0,0,0,0,0,0,0,2.965,2.964,2.705948,1.00035046210721,NA,NA,NA,3.85066666666667,3.757
"154","56",6,47,"E",1016,47,"12. May",2023,"Y",12:37:00,"CB","MVI_6459",NA,"Y","12:25",NA,NA,NA,"1.D1A",0.309,2.205,-13.263,2.26,0.616,2.354,-13.69,2.423,0.139,"1Social","1Wild","6 _ 56","1.D1A _ CB",12H 37M 0S,757,1,4,4,0.932728023111845,0.936703483432455,13.69,13.263,757,0.309,0,0,0,0,0,0,0,0,0,0,0,1.951,1.896,1.39216,0.574560462236896,NA,NA,NA,2.98966666666667,3.116
"155","6",6,5,"E",974,5,"12. May",2023,"Y",12:37:00,"CB","MVI_6416",NA,"Y","12:25",NA,NA,NA,"1.D1A",0.304,3.101,-0.482,3.111,1.079,3.712,-1.63,3.713,0.121,"1Social","1Wild","6 _ 6","1.D1A _ CB",12H 37M 0S,757,1,3,3,0.837866953945597,0.835398706896552,1.63,0.482,757,0.304,0,0,0,0,0,0,0,0,0,0,0,2.807,2.797,3.356769,0.904058443307299,NA,NA,NA,3.14633333333333,3.111
"156","60",6,51,"E",1020,51,"12. May",2023,"Y",12:37:00,"N2","MVI_6463",NA,"Y","12:25",7,48.33333333,5,"3.MIX",0.216,3.478,-12.781,3.48,0.408,2.324,-1.116,2.324,0.137,"2Non_social","2Lab","6 _ 60","3.MIX _ N2",12H 37M 0S,757,1,4,4,1.4974182444062,1.49655765920826,1.116,12.781,757,0.216,0,0,0,0,0,0,0,0,0,0,0,3.264,3.262,1.41984,0.610946643717728,1.4,9.666666666,0.126506024104006,3.371,3.41
"157","61",6,52,"E",1021,52,"12. May",2023,"Y",12:37:00,"CB","MVI_6464",NA,"Y","12:25",NA,NA,NA,"1.D1A",0.168,2.504,-1.07,2.525,0.498,3.169,5.389,3.213,0.154,"1Social","1Wild","6 _ 61","1.D1A _ CB",12H 37M 0S,757,1,4,4,0.785869903516962,0.790154622909435,5.389,1.07,757,0.168,0,0,0,0,0,0,0,0,0,0,0,2.357,2.336,1.25745,0.391363211951447,NA,NA,NA,2.95766666666667,2.815
"158","62",6,53,"E",1022,53,"12. May",2023,"Y",12:37:00,"CB","MVI_6465",NA,"Y","12:25",NA,NA,NA,"1.D1A",0.309,3.038,4.641,3.043,0.561,2.294,3.814,2.268,0.139,"1Social","1Wild","6 _ 62","1.D1A _ CB",12H 37M 0S,757,1,4,4,1.34171075837743,1.32432432432432,3.814,4.641,757,0.309,0,0,0,0,0,0,0,0,0,0,0,2.734,2.729,1.707123,0.752699735449736,NA,NA,NA,3.24266666666667,3.19
"159","63",6,54,"E",1023,54,"12. May",2023,"Y",12:37:00,"CB","MVI_6466",NA,"Y","12:25",1,21.66666667,5,"3.MIX",0.184,1.844,-7.363,1.88,0.337,3.592,-9.926,3.676,0.122,"1Social","1Wild","6 _ 63","3.MIX _ CB",12H 37M 0S,757,1,4,4,0.511425462459195,0.513363028953229,9.926,7.363,757,0.184,0,0,0,0,0,0,0,0,0,0,0,1.696,1.66,0.63356,0.172350380848749,0.2,4.333333334,0.0441176470523356,2.362,2.251
"160","64",6,55,"E",1024,55,"12. May",2023,"Y",12:37:00,"N2","MVI_6467",NA,"Y","12:25",NA,NA,NA,"1.D1A",0.246,2.535,3.415,2.55,0.34,2.626,0,2.626,0.166,"2Non_social","2Lab","6 _ 64","1.D1A _ N2",12H 37M 0S,757,1,4,4,0.971058644325971,0.965346534653465,0,3.415,757,0.246,0,0,0,0,0,0,0,0,0,0,0,2.304,2.289,0.867,0.33015993907083,NA,NA,NA,2.59633333333333,2.55
"161","65",6,56,"E",1025,56,"12. May",2023,"Y",12:37:00,"CB","MVI_6468",NA,"Y","12:25",NA,NA,NA,"1.D1A",0.278,2.918,1.029,2.918,0.552,4.361,-2.773,4.366,0.122,"1Social","1Wild","6 _ 65","1.D1A _ CB",12H 37M 0S,757,1,4,4,0.668346312414109,0.669112588855767,2.773,1.029,757,0.278,0,0,0,0,0,0,0,0,0,0,0,2.64,2.64,1.610736,0.368927164452588,NA,NA,NA,3.27033333333333,3.017
"162","67",6,58,"E",1027,58,"12. May",2023,"Y",12:37:00,"CB","MVI_6470",NA,"Y","12:25",NA,NA,NA,"1.D1A",0.272,2.834,3.478,2.849,0.363,3.44,-0.754,3.441,0.121,"1Social","1Wild","6 _ 67","1.D1A _ CB",12H 37M 0S,757,1,4,4,0.827956989247312,0.823837209302326,0.754,3.478,757,0.272,0,0,0,0,0,0,0,0,0,0,0,2.577,2.562,1.034187,0.300548387096774,NA,NA,NA,3.392,3.66
"163","70",6,61,"E",1030,61,"12. May",2023,"Y",12:37:00,"CB","MVI_6473",NA,"Y","12:25",NA,NA,NA,"1.D1A",0.347,3.646,-4.373,3.572,0.93,3.999,0.217,3.984,0.182,"1Social","1Wild","6 _ 70","1.D1A _ CB",12H 37M 0S,757,1,4,4,0.896586345381526,0.911727931982996,0.217,4.373,757,0.347,0,0,0,0,0,0,0,0,0,0,0,3.225,3.299,3.32196,0.833825301204819,NA,NA,NA,4.29533333333333,4.324
"164","71",6,62,"E",1031,62,"12. May",2023,"Y",12:37:00,"CB","MVI_6474",NA,"Y","12:25",NA,NA,NA,"1.D1A",0.314,3.845,-7.988,3.882,0.629,3.863,-4.69,3.876,0.182,"1Social","1Wild","6 _ 71","1.D1A _ CB",12H 37M 0S,757,1,4,4,1.0015479876161,0.995340409008543,4.69,7.988,757,0.314,0,0,0,0,0,0,0,0,0,0,0,3.568,3.531,2.441778,0.629973684210526,NA,NA,NA,3.928,3.882
"165","72",6,63,"E",1032,63,"12. May",2023,"Y",12:37:00,"N2","MVI_6475",NA,"Y","12:25",NA,NA,NA,"1.D1A",0.23,4.165,-1.445,4.155,0.483,3.818,-1.123,3.849,0.152,"2Non_social","2Lab","6 _ 72","1.D1A _ N2",12H 37M 0S,757,1,3,3,1.07950116913484,1.09088528025144,1.123,1.445,757,0.23,0,0,0,0,0,0,0,0,0,0,0,3.925,3.935,2.006865,0.521399064692128,NA,NA,NA,4.23866666666667,4.25
"166","73",6,64,"E",1033,64,"12. May",2023,"Y",12:37:00,"CB","MVI_6476",NA,"Y","12:25",NA,NA,NA,"1.D1A",0.314,3.771,-19.614,4.026,0.84,5.01,-14.398,5.219,0.212,"1Social","1Wild","6 _ 73","1.D1A _ CB",12H 37M 0S,757,1,4,4,0.771412147921058,0.752694610778443,14.398,19.614,757,0.314,0,0,0,0,0,0,0,0,0,0,0,3.712,3.457,3.38184,0.647986204253688,NA,NA,NA,4.62666666666667,4.609
"167","74",6,65,"E",1034,65,"12. May",2023,"Y",12:37:00,"CB","MVI_6477",NA,"Y","12:25",NA,NA,NA,"1.D1A",0.45,3.626,0.999,3.604,0.732,2.716,1.6,2.702,0.166,"1Social","1Wild","6 _ 74","1.D1A _ CB",12H 37M 0S,757,1,4,4,1.33382679496669,1.33505154639175,1.6,0.999,757,0.45,0,0,0,0,0,0,0,0,0,0,0,3.154,3.176,2.638128,0.976361213915618,NA,NA,NA,3.70033333333333,3.604
"168","75",6,66,"E",1035,66,"12. May",2023,"Y",12:37:00,"CB","MVI_6478",NA,"Y","12:25",NA,NA,NA,"1.D1A",0.372,3.316,-3.576,3.275,0.601,3.018,-1.432,3.019,0.137,"1Social","1Wild","6 _ 75","1.D1A _ CB",12H 37M 0S,757,1,4,4,1.08479629016231,1.0987408880053,1.432,3.576,757,0.372,0,0,0,0,0,0,0,0,0,0,0,2.903,2.944,1.968275,0.651962570387546,NA,NA,NA,3.28966666666667,3.275
"169","10",7,3,"E",1272,3,"14. May",2023,"Y",15:30:00,"N2","MVI_6727",NA,"Y","15:15",5.333333333,29,2,"3.MIX",0.385,1.231,-1.79,1.231,0.346,2.831,-1.411,2.846,0.113,"2Non_social","2Lab","7 _ 10","3.MIX _ N2",15H 30M 0S,930,1,5,5,0.432536893886156,0.434828682444366,1.411,1.79,930,0.385,0,0,0,0,0,0,0,0,0,0,0,0.846,0.846,0.425926,0.14965776528461,2.6666666665,14.5,0.155339805817042,1.799,1.888
"170","11",7,83,"E",1352,83,"14. May",2023,"Y",17:15:00,"N2","MVI_6808",NA,"Y","15:15",5.333333333,29,2,"3.MIX",0.207,0.937,4.62,0.955,0.232,2.873,1.118,2.874,0.113,"2Non_social","2Lab","7 _ 11","3.MIX _ N2",17H 15M 0S,1035,1,3,3,0.332289491997216,0.326139923424991,1.118,4.62,930,0.207,0,105,0,0,0,0,0,0,0,0,0,0.748,0.73,0.22156,0.0770911621433542,2.6666666665,14.5,0.155339805817042,1.02333333333333,0.955
"171","12",7,84,"E",1353,84,"14. May",2023,"Y",17:15:00,"N2","MVI_6809",NA,"Y","15:15",5.333333333,29,2,"3.MIX",0.553,2.206,-0.872,2.211,0.457,3.35,-2.635,3.354,0.141,"2Non_social","2Lab","7 _ 12","3.MIX _ N2",17H 15M 0S,1035,1,3,3,0.659212880143113,0.658507462686567,2.635,0.872,930,0.553,0,105,0,0,0,0,0,0,0,0,0,1.658,1.653,1.010427,0.301260286225402,2.6666666665,14.5,0.155339805817042,2.43366666666667,2.374
"172","13",7,4,"E",1273,4,"14. May",2023,"Y",15:30:00,"N2","MVI_6728",NA,"Y","15:15",5.333333333,29,2,"3.MIX",0.149,0.707,15.222,0.732,0.202,2.411,11.437,2.474,0.143,"2Non_social","2Lab","7 _ 13","3.MIX _ N2",15H 30M 0S,930,1,5,5,0.295877122069523,0.293239319784322,11.437,15.222,930,0.149,0,0,0,0,0,0,0,0,0,0,0,0.583,0.558,0.147864,0.0597671786580436,2.6666666665,14.5,0.155339805817042,1.217,1.251
"173","16",7,6,"E",1275,6,"14. May",2023,"Y",15:30:00,"N2","MVI_6730",NA,"Y","15:15",5.333333333,29,2,"3.MIX",0.288,0.908,0,0.899,0.327,3.336,1.692,3.323,0.169,"2Non_social","2Lab","7 _ 16","3.MIX _ N2",15H 30M 0S,930,1,4,4,0.270538669876618,0.272182254196643,1.692,0,930,0.288,0,0,0,0,0,0,0,0,0,0,0,0.611,0.62,0.293973,0.0884661450496539,2.6666666665,14.5,0.155339805817042,1.589,1.73
"174","17",7,7,"E",1276,7,"14. May",2023,"Y",15:30:00,"N2","MVI_6731",NA,"Y","15:15",5.333333333,29,2,"3.MIX",0.356,1.25,0.222,1.24,0.38,3.756,-0.639,3.771,0.127,"2Non_social","2Lab","7 _ 17","3.MIX _ N2",15H 30M 0S,930,1,5,5,0.328825245293026,0.332800851970181,0.639,0.222,930,0.356,0,0,0,0,0,0,0,0,0,0,0,0.884,0.894,0.4712,0.12495359321135,2.6666666665,14.5,0.155339805817042,1.36966666666667,1.278
"175","19",7,9,"E",1278,9,"14. May",2023,"Y",15:30:00,"N2","MVI_6733",NA,"Y","15:15",5.333333333,29,2,"3.MIX",0.351,1.389,-3.601,1.377,0.356,3.182,-5.035,3.194,0.168,"2Non_social","2Lab","7 _ 19","3.MIX _ N2",15H 30M 0S,930,1,5,5,0.431120851596744,0.436517913262099,5.035,3.601,930,0.351,0,0,0,0,0,0,0,0,0,0,0,1.026,1.038,0.490212,0.153479023168441,2.6666666665,14.5,0.155339805817042,2.22466666666667,2.635
"176","20",7,10,"E",1279,10,"14. May",2023,"Y",15:30:00,"CB","MVI_6734",NA,"Y","15:15",6,79.33333333,2,"3.MIX",0.202,0.654,9.324,0.653,0.196,2.621,6.902,2.683,0.102,"1Social","1Wild","7 _ 20","3.MIX _ CB",15H 30M 0S,930,1,5,5,0.243384271338054,0.249523082792827,6.902,9.324,930,0.202,0,0,0,0,0,0,0,0,0,0,0,0.451,0.452,0.127988,0.0477033171822587,3,39.666666665,0.0703125000027466,1.60633333333333,1.491
"177","21",7,11,"E",1280,11,"14. May",2023,"Y",15:30:00,"N2","MVI_6735",NA,"Y","15:15",5.333333333,29,2,"3.MIX",0.389,1.351,-2.757,1.299,0.419,3.084,-6.226,3.102,0.14,"2Non_social","2Lab","7 _ 21","3.MIX _ N2",15H 30M 0S,930,1,5,5,0.418762088974855,0.438067444876783,6.226,2.757,930,0.389,0,0,0,0,0,0,0,0,0,0,0,0.91,0.962,0.544281,0.175461315280464,2.6666666665,14.5,0.155339805817042,1.773,1.518
"178","22",7,12,"E",1281,12,"14. May",2023,"Y",15:30:00,"CB","MVI_6736",NA,"Y","15:15",6,79.33333333,2,"3.MIX",0.308,1.745,-4.325,1.721,0.294,3.574,-3.34,3.608,0.154,"1Social","1Wild","7 _ 22","3.MIX _ CB",15H 30M 0S,930,1,5,5,0.4769955654102,0.488248461108002,3.34,4.325,930,0.308,0,0,0,0,0,0,0,0,0,0,0,1.413,1.437,0.505974,0.140236696230599,3,39.666666665,0.0703125000027466,2.51666666666667,2.895
"179","24",7,14,"E",1283,14,"14. May",2023,"Y",15:30:00,"CB","MVI_6738",NA,"Y","15:15",6,79.33333333,2,"3.MIX",0.332,1.389,-10.448,1.378,0.212,3.098,-11.56,3.147,0.127,"1Social","1Wild","7 _ 24","3.MIX _ CB",15H 30M 0S,930,1,5,5,0.437877343501748,0.448353776630084,11.56,10.448,930,0.332,0,0,0,0,0,0,0,0,0,0,0,1.046,1.057,0.292136,0.0928299968223705,3,39.666666665,0.0703125000027466,1.40933333333333,1.378
"180","27",7,17,"E",1286,17,"14. May",2023,"Y",15:30:00,"CB","MVI_6741",NA,"Y","15:15",6,79.33333333,2,"3.MIX",0.303,0.731,1.131,0.731,0.159,2.285,2.81,2.287,0.099,"1Social","1Wild","7 _ 27","3.MIX _ CB",15H 30M 0S,930,1,5,5,0.319632706602536,0.319912472647702,2.81,1.131,930,0.303,0,0,0,0,0,0,0,0,0,0,0,0.428,0.428,0.116229,0.0508216003498032,3,39.666666665,0.0703125000027466,1.22666666666667,1.459
"181","29",7,19,"E",1288,19,"14. May",2023,"Y",15:30:00,"CB","MVI_6743",NA,"Y","15:15",6,79.33333333,2,"3.MIX",0.211,0.591,2.328,0.592,0.13,2.439,2.944,2.456,0.126,"1Social","1Wild","7 _ 29","3.MIX _ CB",15H 30M 0S,930,1,4,4,0.241042345276873,0.242312423124231,2.944,2.328,930,0.211,0,0,0,0,0,0,0,0,0,0,0,0.381,0.38,0.07696,0.0313355048859935,3,39.666666665,0.0703125000027466,1.15533333333333,0.925
"182","3",7,35,"E",1304,35,"14. May",2023,"Y",16:20:00,"CB","MVI_6760",NA,"Y","15:15",6,79.33333333,2,"3.MIX",0.308,1.385,-10.67,1.35,0.314,3.602,-5.997,3.622,0.154,"1Social","1Wild","7 _ 3","3.MIX _ CB",16H 20M 0S,980,1,4,4,0.372722252898951,0.384508606329817,5.997,10.67,930,0.308,0,50,0,0,0,0,0,0,0,0,0,1.042,1.077,0.4239,0.117034787410271,3,39.666666665,0.0703125000027466,2.50666666666667,2.67
"183","31",7,20,"E",1289,20,"14. May",2023,"Y",15:30:00,"CB","MVI_6744",NA,"Y","15:15",6,79.33333333,2,"3.MIX",0.37,1.74,0.322,1.711,0.332,3.112,-1.541,3.127,0.154,"1Social","1Wild","7 _ 31","3.MIX _ CB",15H 30M 0S,930,1,5,5,0.547169811320755,0.559125964010283,1.541,0.322,930,0.37,0,0,0,0,0,0,0,0,0,0,0,1.341,1.37,0.568052,0.181660377358491,3,39.666666665,0.0703125000027466,1.92966666666667,1.711
"184","32",7,21,"E",1290,21,"14. May",2023,"Y",15:30:00,"CB","MVI_6745",NA,"Y","15:15",6,79.33333333,2,"3.MIX",0.25,1.322,-5.628,1.323,0.242,3.126,-4.827,3.165,0.154,"1Social","1Wild","7 _ 32","3.MIX _ CB",15H 30M 0S,930,1,5,5,0.418009478672986,0.422904670505438,4.827,5.628,930,0.25,0,0,0,0,0,0,0,0,0,0,0,1.073,1.072,0.320166,0.101158293838863,3,39.666666665,0.0703125000027466,2.25766666666667,2.547
"185","35",7,23,"E",1292,23,"14. May",2023,"Y",15:30:00,"CB","MVI_6747",NA,"Y","15:15",6,79.33333333,2,"3.MIX",0.322,1,-0.559,0.985,0.274,2.523,-4.423,2.545,0.112,"1Social","1Wild","7 _ 35","3.MIX _ CB",15H 30M 0S,930,1,5,5,0.387033398821218,0.396353547364249,4.423,0.559,930,0.322,0,0,0,0,0,0,0,0,0,0,0,0.663,0.678,0.26989,0.106047151277014,3,39.666666665,0.0703125000027466,1.50066666666667,1.75
"186","4",7,36,"E",1305,36,"14. May",2023,"Y",16:20:00,"N2","MVI_6761",NA,"Y","15:15",5.333333333,29,2,"3.MIX",0.404,1.187,-18.435,1.216,0.312,3.967,-21.133,4.238,0.146,"2Non_social","2Lab","7 _ 4","3.MIX _ N2",16H 20M 0S,980,1,4,4,0.28692779613025,0.299218553062768,21.133,18.435,930,0.404,0,50,0,0,0,0,0,0,0,0,0,0.812,0.783,0.379392,0.089521472392638,2.6666666665,14.5,0.155339805817042,2.149,2.45
"187","40",7,28,"E",1297,28,"14. May",2023,"Y",15:30:00,"CB","MVI_6753",NA,"Y","15:15",6,79.33333333,2,"3.MIX",0.264,1.634,2.021,1.635,0.309,4.037,1.193,4.038,0.126,"1Social","1Wild","7 _ 40","3.MIX _ CB",15H 30M 0S,930,1,5,5,0.404903417533432,0.404756006935843,1.193,2.021,930,0.264,0,0,0,0,0,0,0,0,0,0,0,1.371,1.37,0.505215,0.125115156017831,3,39.666666665,0.0703125000027466,2.15433333333333,2.099
"188","41",7,29,"E",1298,29,"14. May",2023,"Y",15:30:00,"N2","MVI_6754",NA,"Y","15:15",5.333333333,29,2,"3.MIX",0.337,0.913,-0.305,0.904,0.303,3.07,-4.419,3.093,0.14,"2Non_social","2Lab","7 _ 41","3.MIX _ N2",15H 30M 0S,930,1,5,5,0.292272874232137,0.297394136807818,4.419,0.305,930,0.337,0,0,0,0,0,0,0,0,0,0,0,0.567,0.576,0.273912,0.0885586808923375,2.6666666665,14.5,0.155339805817042,1.47166666666667,1.192
"189","42",7,30,"E",1299,30,"14. May",2023,"Y",15:30:00,"N2","MVI_6755",NA,"Y","15:15",5.333333333,29,2,"3.MIX",0.255,1.014,-7.93,0.975,0.279,1.963,-7.729,1.98,0.112,"2Non_social","2Lab","7 _ 42","3.MIX _ N2",15H 30M 0S,930,1,5,5,0.492424242424242,0.516556291390728,7.729,7.93,930,0.255,0,0,0,0,0,0,0,0,0,0,0,0.72,0.759,0.272025,0.137386363636364,2.6666666665,14.5,0.155339805817042,1.59166666666667,1.752
"190","43",7,31,"E",1300,31,"14. May",2023,"Y",15:30:00,"CB","MVI_6756",NA,"Y","15:15",6,79.33333333,2,"3.MIX",0.327,1,-0.826,1,0.231,3.21,-1.743,3.225,0.154,"1Social","1Wild","7 _ 43","3.MIX _ CB",15H 30M 0S,930,1,5,5,0.310077519379845,0.311526479750779,1.743,0.826,930,0.327,0,0,0,0,0,0,0,0,0,0,0,0.673,0.673,0.231,0.0716279069767442,3,39.666666665,0.0703125000027466,2.24233333333333,2.105
"191","44",7,32,"E",1301,32,"14. May",2023,"Y",15:30:00,"N2","MVI_6757",NA,"Y","15:15",5.333333333,29,2,"3.MIX",0.303,0.807,1.655,0.832,0.193,3.518,3.18,3.538,0.171,"2Non_social","2Lab","7 _ 44","3.MIX _ N2",15H 30M 0S,930,1,5,5,0.235161107970605,0.229391699829449,3.18,1.655,930,0.303,0,0,0,0,0,0,0,0,0,0,0,0.529,0.504,0.160576,0.0453860938383267,2.6666666665,14.5,0.155339805817042,2.07033333333333,2.48
"192","5",7,37,"E",1306,37,"14. May",2023,"Y",16:20:00,"CB","MVI_6762",NA,"Y","15:15",6,79.33333333,2,"3.MIX",0.365,2.014,-2.318,2.02,0.333,3.308,-2.691,3.283,0.155,"1Social","1Wild","7 _ 5","3.MIX _ CB",16H 20M 0S,980,1,4,4,0.615290892476394,0.608827085852479,2.691,2.318,930,0.365,0,50,0,0,0,0,0,0,0,0,0,1.655,1.649,0.67266,0.204891867194639,3,39.666666665,0.0703125000027466,2.21933333333333,2.02
"193","7",7,39,"E",1308,39,"14. May",2023,"Y",16:20:00,"CB","MVI_6764",NA,"Y","15:15",6,79.33333333,2,"3.MIX",0.361,0.947,-4.044,0.954,0.174,2.986,-5.605,3.014,0.126,"1Social","1Wild","7 _ 7","3.MIX _ CB",16H 20M 0S,980,1,4,4,0.316522893165229,0.317146684527796,5.605,4.044,930,0.361,0,50,0,0,0,0,0,0,0,0,0,0.593,0.586,0.165996,0.0550749834107498,3,39.666666665,0.0703125000027466,1.88666666666667,1.882
"194","8",7,2,"E",1271,2,"14. May",2023,"Y",15:30:00,"N2","MVI_6726",NA,"Y","15:15",5.333333333,29,2,"3.MIX",0.269,1.077,0.512,1.077,0.284,2.817,0.57,2.817,0.155,"2Non_social","2Lab","7 _ 8","3.MIX _ N2",15H 30M 0S,930,1,5,5,0.382321618743344,0.382321618743344,0.57,0.512,930,0.269,0,0,0,0,0,0,0,0,0,0,0,0.808,0.808,0.305868,0.10857933972311,2.6666666665,14.5,0.155339805817042,1.89866666666667,2.134
"195","1",8,1,"E",1500,29,"15. May",2023,"Y",12:45:00,"N2","MVI_6968",NA,"Y","12:30",NA,NA,NA,"1.D1A",0.333,2.019,0,2.019,0.485,4.65,-2.072,4.653,0.153,"2Non_social","2Lab","8 _ 1","1.D1A _ N2",12H 45M 0S,765,1,5,5,0.43391360412637,0.434193548387097,2.072,0,765,0.333,0,0,0,0,0,0,0,0,0,0,0,1.686,1.686,0.979215,0.21044809800129,NA,NA,NA,2.936,3.305
"196","10",8,7,"E",1506,35,"15. May",2023,"Y",12:45:00,"CB","MVI_6974",NA,"Y","12:30",12,115.3333333,5,"3.MIX",0.334,2.085,-7.193,2.096,0.344,3.35,-6.832,3.343,0.138,"1Social","1Wild","8 _ 10","3.MIX _ CB",12H 45M 0S,765,1,5,5,0.626981752916542,0.622388059701492,6.832,7.193,765,0.334,0,0,0,0,0,0,0,0,0,0,0,1.762,1.751,0.721024,0.21568172300329,2.4,23.06666666,0.0942408377210054,2.046,2.096
"197","11",8,8,"E",1507,36,"15. May",2023,"Y",12:45:00,"CB","MVI_6975",NA,"Y","12:30",12,115.3333333,5,"3.MIX",0.333,2.115,-2.448,2.127,0.481,4.665,-0.754,4.65,0.154,"1Social","1Wild","8 _ 11","3.MIX _ CB",12H 45M 0S,765,1,5,5,0.45741935483871,0.453376205787781,0.754,2.448,765,0.333,0,0,0,0,0,0,0,0,0,0,0,1.794,1.782,1.023087,0.220018709677419,2.4,23.06666666,0.0942408377210054,2.562,2.666
"198","12",8,9,"E",1508,37,"15. May",2023,"Y",12:45:00,"N2","MVI_6976",NA,"Y","12:30",18.33333333,93,5,"3.MIX",0.303,1.197,0.984,1.176,0.389,3.763,-0.233,3.763,0.107,"2Non_social","2Lab","8 _ 12","3.MIX _ N2",12H 45M 0S,765,1,5,5,0.312516609088493,0.318097262822216,0.233,0.984,765,0.303,0,0,0,0,0,0,0,0,0,0,0,0.873,0.894,0.457464,0.121568960935424,3.666666666,18.6,0.164670658657625,1.696,1.176
"199","13",8,10,"E",1509,38,"15. May",2023,"Y",12:45:00,"N2","MVI_6977",NA,"Y","12:30",18.33333333,93,5,"3.MIX",0.283,0.899,-6.52,0.889,0.326,3.748,-4.879,3.777,0.107,"2Non_social","2Lab","8 _ 13","3.MIX _ N2",12H 45M 0S,765,1,5,5,0.235371988350543,0.239861259338314,4.879,6.52,765,0.283,0,0,0,0,0,0,0,0,0,0,0,0.606,0.616,0.289814,0.076731268202277,3.666666666,18.6,0.164670658657625,1.77566666666667,2.209
"200","15",8,12,"E",1511,40,"15. May",2023,"Y",12:45:00,"CB","MVI_6979",NA,"Y","12:30",12,115.3333333,5,"3.MIX",0.348,1.858,3.998,1.882,0.283,5.124,3.417,5.133,0.199,"1Social","1Wild","8 _ 15","3.MIX _ CB",12H 45M 0S,765,1,5,5,0.366647184882135,0.362607338017174,3.417,3.998,765,0.348,0,0,0,0,0,0,0,0,0,0,0,1.534,1.51,0.532606,0.103761153321644,2.4,23.06666666,0.0942408377210054,2.84433333333333,2.984
"201","16",8,13,"E",1512,41,"15. May",2023,"Y",12:45:00,"CB","MVI_6980",NA,"Y","12:30",12,115.3333333,5,"3.MIX",0.257,0.984,-1.175,0.984,0.262,5.032,0.873,5.018,0.153,"1Social","1Wild","8 _ 16","3.MIX _ CB",12H 45M 0S,765,1,5,5,0.196094061379035,0.195548489666137,0.873,1.175,765,0.257,0,0,0,0,0,0,0,0,0,0,0,0.727,0.727,0.257808,0.0513766440813073,2.4,23.06666666,0.0942408377210054,1.37666666666667,1.364
"202","17",8,14,"E",1513,42,"15. May",2023,"Y",12:45:00,"N2","MVI_6981",NA,"Y","12:30",18.33333333,93,5,"3.MIX",0.495,1.323,5.389,1.344,0.351,5.553,6.654,5.544,0.186,"2Non_social","2Lab","8 _ 17","3.MIX _ N2",12H 45M 0S,765,1,5,5,0.242424242424242,0.238249594813614,6.654,5.389,765,0.495,0,0,0,0,0,0,0,0,0,0,0,0.849,0.828,0.471744,0.0850909090909091,3.666666666,18.6,0.164670658657625,2.06166666666667,2.261
"203","18",8,15,"E",1514,43,"15. May",2023,"Y",12:45:00,"N2","MVI_6982",NA,"Y","12:30",NA,NA,NA,"1.D1A",0.146,1.297,-5.868,1.284,0.244,4.084,-4.04,4.125,0.138,"2Non_social","2Lab","8 _ 18","1.D1A _ N2",12H 45M 0S,765,1,5,5,0.311272727272727,0.317580803134182,4.04,5.868,765,0.146,0,0,0,0,0,0,0,0,0,0,0,1.138,1.151,0.313296,0.0759505454545455,NA,NA,NA,2.314,2.52
"204","20",8,16,"E",1515,44,"15. May",2023,"Y",12:45:00,"CB","MVI_6983",NA,"Y","12:30",12,115.3333333,5,"3.MIX",0.304,1.994,-6.609,2.017,0.44,4.039,-5.562,4.103,0.154,"1Social","1Wild","8 _ 20","3.MIX _ CB",12H 45M 0S,765,1,4,4,0.49159151840117,0.493686556078237,5.562,6.609,765,0.304,0,0,0,0,0,0,0,0,0,0,0,1.713,1.69,0.88748,0.216300268096515,2.4,23.06666666,0.0942408377210054,1.567,1.487
"205","23",8,19,"E",1518,47,"15. May",2023,"Y",12:45:00,"CB","MVI_6986",NA,"Y","12:30",12,115.3333333,5,"3.MIX",0.238,2.903,1.196,2.903,0.262,4.635,1.517,4.621,0.153,"1Social","1Wild","8 _ 23","3.MIX _ CB",12H 45M 0S,765,1,5,5,0.628219000216403,0.626321467098166,1.517,1.196,765,0.238,0,0,0,0,0,0,0,0,0,0,0,2.665,2.665,0.760586,0.164593378056698,2.4,23.06666666,0.0942408377210054,2.462,2.281
"206","3",8,2,"E",1501,30,"15. May",2023,"Y",12:45:00,"CB","MVI_6969",NA,"Y","12:30",12,115.3333333,5,"3.MIX",0.363,0.924,-2.503,0.925,0.147,2.968,-5.594,2.982,0.154,"1Social","1Wild","8 _ 3","3.MIX _ CB",12H 45M 0S,765,1,5,5,0.310194500335345,0.311320754716981,5.594,2.503,765,0.363,0,0,0,0,0,0,0,0,0,0,0,0.562,0.561,0.135975,0.0455985915492958,2.4,23.06666666,0.0942408377210054,2.138,2.503
"207","34",8,28,"E",1527,56,"15. May",2023,"Y",12:45:00,"N2","MVI_6995",NA,"Y","12:30",NA,NA,NA,"1.D1A",0.358,2.595,-1.226,2.595,0.48,5.033,-3.122,5.055,0.184,"2Non_social","2Lab","8 _ 34","1.D1A _ N2",12H 45M 0S,765,1,5,5,0.513353115727003,0.515597059407908,3.122,1.226,765,0.358,0,0,0,0,0,0,0,0,0,0,0,2.237,2.237,1.2456,0.246409495548961,NA,NA,NA,3.05233333333333,3.003
"208","43",8,34,"E",1533,62,"15. May",2023,"Y",12:45:00,"CB","MVI_7001",NA,"Y","12:30",12,115.3333333,5,"3.MIX",0.348,1.615,0.716,1.615,0.379,4.956,-0.531,4.956,0.184,"1Social","1Wild","8 _ 43","3.MIX _ CB",12H 45M 0S,765,1,5,5,0.325867635189669,0.325867635189669,0.531,0.716,765,0.348,0,0,0,0,0,0,0,0,0,0,0,1.267,1.267,0.612085,0.123503833736885,2.4,23.06666666,0.0942408377210054,1.718,1.615
"209","48",8,38,"E",1537,66,"15. May",2023,"Y",12:45:00,"CB","MVI_7005",NA,"Y","12:30",NA,NA,NA,"1.D1A",0.126,3.715,0.777,3.72,0.242,4.772,0.918,4.773,0.154,"1Social","1Wild","8 _ 48","1.D1A _ CB",12H 45M 0S,765,1,4,4,0.779384035197989,0.778499580888516,0.918,0.777,765,0.126,0,0,0,0,0,0,0,0,0,0,0,3.594,3.589,0.90024,0.188610936517913,NA,NA,NA,2.27166666666667,1.656
"210","57",8,45,"E",1544,73,"15. May",2023,"Y",12:45:00,"N2","MVI_7012",NA,"Y","12:30",18.33333333,93,5,"3.MIX",0.338,1.207,0.959,1.207,0.414,2.371,0.735,2.386,0.123,"2Non_social","2Lab","8 _ 57","3.MIX _ N2",12H 45M 0S,765,1,5,5,0.505867560771165,0.509067903838043,0.735,0.959,765,0.338,0,0,0,0,0,0,0,0,0,0,0,0.869,0.869,0.499698,0.209429170159262,3.666666666,18.6,0.164670658657625,1.301,1.207
"211","58",8,46,"E",1545,74,"15. May",2023,"Y",12:45:00,"CB","MVI_7013",NA,"Y","12:30",12,115.3333333,5,"3.MIX",0.384,2.883,-0.403,2.872,0.404,6.348,0.69,6.348,0.214,"1Social","1Wild","8 _ 58","3.MIX _ CB",12H 45M 0S,765,1,5,5,0.452425960932577,0.454158790170132,0.69,0.403,765,0.384,0,0,0,0,0,0,0,0,0,0,0,2.488,2.499,1.160288,0.182780088216761,2.4,23.06666666,0.0942408377210054,3.34366666666667,3.453
"212","59",8,47,"E",1546,75,"15. May",2023,"Y",12:45:00,"CB","MVI_7014",NA,"Y","12:30",12,115.3333333,5,"3.MIX",0.303,0.98,2.314,1,0.248,2.646,3.991,2.637,0.108,"1Social","1Wild","8 _ 59","3.MIX _ CB",12H 45M 0S,765,1,5,5,0.379218809252939,0.37037037037037,3.991,2.314,765,0.303,0,0,0,0,0,0,0,0,0,0,0,0.697,0.677,0.248,0.0940462646947289,2.4,23.06666666,0.0942408377210054,1.54966666666667,1.584
"213","6",8,3,"E",1502,31,"15. May",2023,"Y",12:45:00,"N2","MVI_6970",NA,"Y","12:30",18.33333333,93,5,"3.MIX",0.389,1.273,-3.406,1.274,0.389,4.497,-3.515,4.49,0.199,"2Non_social","2Lab","8 _ 6","3.MIX _ N2",12H 45M 0S,765,1,5,5,0.283741648106904,0.283077607293751,3.515,3.406,765,0.389,0,0,0,0,0,0,0,0,0,0,0,0.885,0.884,0.495586,0.110375501113586,3.666666666,18.6,0.164670658657625,2.35033333333333,2.779
"214","61",8,114,"E",1613,142,"15. May",2023,"Y",14:25:00,"N2","MVI_7081",NA,"Y","12:30",18.33333333,93,5,"3.MIX",0.596,1.545,1.674,1.555,0.298,5.185,2.027,5.189,0.154,"2Non_social","2Lab","8 _ 61","3.MIX _ N2",14H 25M 0S,865,1,4,4,0.299672383888996,0.297974927675988,2.027,1.674,765,0.596,0,100,0,0,0,0,0,0,0,0,0,0.959,0.949,0.46339,0.0893023703989208,3.666666666,18.6,0.164670658657625,2.44733333333333,2.479
"215","62",8,48,"E",1547,76,"15. May",2023,"Y",12:45:00,"N2","MVI_7015",NA,"Y","12:30",NA,NA,NA,"1.D1A",0.288,1.938,-1.939,1.939,0.51,3.136,-3.35,3.141,0.168,"2Non_social","2Lab","8 _ 62","1.D1A _ N2",12H 45M 0S,765,1,5,5,0.617319325055715,0.617984693877551,3.35,1.939,765,0.288,0,0,0,0,0,0,0,0,0,0,0,1.651,1.65,0.98889,0.314832855778415,NA,NA,NA,2.65866666666667,2.842
"216","69",8,54,"E",1553,82,"15. May",2023,"Y",12:45:00,"N2","MVI_7021",NA,"Y","12:30",18.33333333,93,5,"3.MIX",0.429,2.014,-7.481,2.016,0.378,4.757,-6.645,4.758,0.153,"2Non_social","2Lab","8 _ 69","3.MIX _ N2",12H 45M 0S,765,1,5,5,0.423707440100883,0.42337607735968,6.645,7.481,765,0.429,0,0,0,0,0,0,0,0,0,0,0,1.587,1.585,0.762048,0.160161412358134,3.666666666,18.6,0.164670658657625,2,2.016
"217","71",8,124,"E",1623,152,"15. May",2023,"Y",14:25:00,"N2","MVI_7091",NA,"Y","12:30",18.33333333,93,5,"3.MIX",0.303,1.166,-4.191,1.174,0.278,3.579,-1.95,3.597,0.107,"2Non_social","2Lab","8 _ 71","3.MIX _ N2",14H 25M 0S,865,1,4,4,0.326383097025299,0.32578932662755,1.95,4.191,765,0.303,0,100,0,0,0,0,0,0,0,0,0,0.871,0.863,0.326372,0.0907345009730331,3.666666666,18.6,0.164670658657625,1.363,1.174
"218","73",8,56,"E",1555,84,"15. May",2023,"Y",12:45:00,"CB","MVI_7023",NA,"Y","12:30",NA,NA,NA,"1.D1A",0.217,1.681,-0.516,1.681,0.404,3.472,-0.252,3.472,0.169,"1Social","1Wild","8 _ 73","1.D1A _ CB",12H 45M 0S,765,1,5,5,0.484158986175115,0.484158986175115,0.252,0.516,765,0.217,0,0,0,0,0,0,0,0,0,0,0,1.464,1.464,0.679124,0.195600230414747,NA,NA,NA,1.60166666666667,1.681
"219","78",8,61,"E",1560,89,"15. May",2023,"Y",12:45:00,"N2","MVI_7028",NA,"Y","12:30",18.33333333,93,5,"3.MIX",0.404,1.716,-5.392,1.719,0.425,3.839,-7.125,3.823,0.138,"2Non_social","2Lab","8 _ 78","3.MIX _ N2",12H 45M 0S,765,1,5,5,0.449646874182579,0.446991404011461,7.125,5.392,765,0.404,0,0,0,0,0,0,0,0,0,0,0,1.315,1.312,0.730575,0.191099921527596,3.666666666,18.6,0.164670658657625,2.279,2.451
"220","79",8,62,"E",1561,90,"15. May",2023,"Y",12:45:00,"N2","MVI_7029",NA,"Y","12:30",NA,NA,NA,"1.D1A",0.313,2.711,3.654,2.772,0.601,6.15,3.283,6.144,0.247,"2Non_social","2Lab","8 _ 79","1.D1A _ N2",12H 45M 0S,765,1,5,5,0.451171875,0.440813008130081,3.283,3.654,765,0.313,0,0,0,0,0,0,0,0,0,0,0,2.459,2.398,1.665972,0.271154296875,NA,NA,NA,3.80966666666667,4.223
"221","80",8,133,"E",1632,161,"15. May",2023,"Y",14:25:00,"N2","MVI_7100",NA,"Y","12:30",18.33333333,93,5,"3.MIX",0.601,1.883,1.694,1.879,0.459,4.344,2.01,4.362,0.154,"2Non_social","2Lab","8 _ 80","3.MIX _ N2",14H 25M 0S,865,1,4,4,0.430765703805594,0.433471454880295,2.01,1.694,765,0.601,0,100,0,0,0,0,0,0,0,0,0,1.278,1.282,0.862461,0.197721458046768,3.666666666,18.6,0.164670658657625,2.643,2.928
"222","9",8,6,"E",1505,34,"15. May",2023,"Y",12:45:00,"CB","MVI_6973",NA,"Y","12:30",12,115.3333333,5,"3.MIX",0.344,1.6,-11.204,1.611,0.406,2.142,-10.916,2.181,0.168,"1Social","1Wild","8 _ 9","3.MIX _ CB",12H 45M 0S,765,1,5,5,0.738651994497937,0.746965452847806,10.916,11.204,765,0.344,0,0,0,0,0,0,0,0,0,0,0,1.267,1.256,0.654066,0.299892709766162,2.4,23.06666666,0.0942408377210054,1.713,1.611
"223","10",9,5,"E",1892,53,"16. May",2023,"Y",12:16:00,"N2","MVI_7369",NA,"Y","12:16",4.666666667,28,5,"3.MIX",0.217,0.525,-9.002,0.516,0.141,2.811,-12.969,2.866,0.136,"2Non_social","2Lab","9 _ 10","3.MIX _ N2",12H 16M 0S,736,1,5,5,0.180041870202373,0.186766275346852,12.969,9.002,736,0.217,0,0,0,0,0,0,0,0,0,0,0,0.299,0.308,0.072756,0.0253859036985345,0.9333333334,5.6,0.142857142865889,1.831,2.445
"224","13",9,8,"E",1895,56,"16. May",2023,"Y",12:16:00,"CB","MVI_7372",NA,"Y","12:16",2,43,5,"3.MIX",0.232,1.968,-1.507,1.918,0.384,4.839,-4.326,4.876,0.219,"1Social","1Wild","9 _ 13","3.MIX _ CB",12H 16M 0S,736,1,5,5,0.393355209187859,0.406695598264104,4.326,1.507,736,0.232,0,0,0,0,0,0,0,0,0,0,0,1.686,1.736,0.736512,0.151048400328138,0.4,8.6,0.0444444444444444,1.413,1.42
"225","30",9,18,"E",1905,66,"16. May",2023,"Y",12:16:00,"N2","MVI_7382",NA,"Y","12:16",4.666666667,28,5,"3.MIX",0.313,1.272,-4.346,1.265,0.283,3.77,-3.122,3.798,0.138,"2Non_social","2Lab","9 _ 30","3.MIX _ N2",12H 16M 0S,736,1,5,5,0.333070036861506,0.337400530503979,3.122,4.346,736,0.313,0,0,0,0,0,0,0,0,0,0,0,0.952,0.959,0.357995,0.0942588204318062,0.9333333334,5.6,0.142857142865889,2.273,2.586
"226","33",9,72,"E",1959,120,"16. May",2023,"Y",13:27:00,"N2","MVI_7437",NA,"Y","12:16",4.666666667,28,5,"3.MIX",0.207,2.528,-4.434,2.546,0.556,3.379,-9.083,3.422,0.173,"2Non_social","2Lab","9 _ 33","3.MIX _ N2",13H 27M 0S,807,1,4,4,0.744009351256575,0.748150340337378,9.083,4.434,736,0.207,0,71,0,0,0,0,0,0,0,0,0,2.339,2.321,1.415576,0.413669199298656,0.9333333334,5.6,0.142857142865889,2.87766666666667,2.897
"227","34",9,21,"E",1908,69,"16. May",2023,"Y",12:16:00,"N2","MVI_7385",NA,"Y","12:16",4.666666667,28,5,"3.MIX",0.212,1.59,-3.25,1.602,0.486,4.897,-3.09,4.903,0.219,"2Non_social","2Lab","9 _ 34","3.MIX _ N2",12H 16M 0S,736,1,5,5,0.326738731388946,0.324688584847866,3.09,3.25,736,0.212,0,0,0,0,0,0,0,0,0,0,0,1.39,1.378,0.778572,0.158795023455028,0.9333333334,5.6,0.142857142865889,1.94533333333333,1.921
"228","37",9,76,"E",1963,124,"16. May",2023,"Y",13:27:00,"N2","MVI_7441",NA,"Y","12:16",4.666666667,28,5,"3.MIX",0.303,2.442,1.417,2.448,0.662,3.093,-4.01,3.122,0.161,"2Non_social","2Lab","9 _ 37","3.MIX _ N2",13H 27M 0S,807,1,4,4,0.784112748238309,0.789524733268671,4.01,1.417,736,0.303,0,71,0,0,0,0,0,0,0,0,0,2.145,2.139,1.620576,0.51908263933376,0.9333333334,5.6,0.142857142865889,2.657,2.596
"229","41",9,26,"E",1913,74,"16. May",2023,"Y",12:16:00,"N2","MVI_7390",NA,"Y","12:16",4.666666667,28,5,"3.MIX",0.323,2.261,-1.662,2.262,0.474,2.85,0.693,2.851,0.104,"2Non_social","2Lab","9 _ 41","3.MIX _ N2",12H 16M 0S,736,1,5,5,0.793405822518415,0.793333333333333,0.693,1.662,736,0.323,0,0,0,0,0,0,0,0,0,0,0,1.939,1.938,1.072188,0.376074359873729,0.9333333334,5.6,0.142857142865889,2.437,2.315
"230","43",9,28,"E",1915,76,"16. May",2023,"Y",12:16:00,"CB","MVI_7392",NA,"Y","12:16",2,43,5,"3.MIX",0.197,3.73,-1.712,3.716,0.264,4.103,-1.12,4.115,0.15,"1Social","1Wild","9 _ 43","3.MIX _ CB",12H 16M 0S,736,1,4,4,0.903037667071689,0.909090909090909,1.12,1.712,736,0.197,0,0,0,0,0,0,0,0,0,0,0,3.519,3.533,0.981024,0.238401944106926,0.4,8.6,0.0444444444444444,4.24033333333333,4.281
"231","45",9,30,"E",1917,78,"16. May",2023,"Y",12:16:00,"N2","MVI_7394",NA,"Y","12:16",4.666666667,28,5,"3.MIX",0.227,1.115,-1.798,1.126,0.384,3.287,-10.412,3.307,0.173,"2Non_social","2Lab","9 _ 45","3.MIX _ N2",12H 16M 0S,736,1,5,5,0.340489869972785,0.33921508974749,10.412,1.798,736,0.227,0,0,0,0,0,0,0,0,0,0,0,0.899,0.888,0.432384,0.130748110069549,0.9333333334,5.6,0.142857142865889,2.22433333333333,2.638
"232","52",9,34,"E",1921,82,"16. May",2023,"Y",12:16:00,"CB","MVI_7399",NA,"Y","12:16",2,43,5,"3.MIX",0.363,5.006,-3.148,5.054,0.46,6.172,-6.968,6.253,0.219,"1Social","1Wild","9 _ 52","3.MIX _ CB",12H 16M 0S,736,1,5,5,0.80825203902127,0.811082307193778,6.968,3.148,736,0.363,0,0,0,0,0,0,0,0,0,0,0,4.691,4.643,2.32484,0.371795937949784,0.4,8.6,0.0444444444444444,4.796,4.686
"233","8",9,4,"E",1891,52,"16. May",2023,"Y",12:16:00,"N2","MVI_7368",NA,"Y","12:16",4.666666667,28,5,"3.MIX",0.353,0.863,6.557,0.884,0.28,3.267,3.558,3.273,0.118,"2Non_social","2Lab","9 _ 8","3.MIX _ N2",12H 16M 0S,736,1,5,5,0.270088603727467,0.264156718702173,3.558,6.557,736,0.353,0,0,0,0,0,0,0,0,0,0,0,0.531,0.51,0.24752,0.0756248090436908,0.9333333334,5.6,0.142857142865889,1.96466666666667,2.451
